Pitch Offset,Pitch Bend,Pitch Bend Hex,Delta Pitch Bend,Linear Pitch Offset,Linear Pitch Offset Delta,Piecewise Pitch Offset,Piecewise Pitch Offset Delta,
-500,0,"0x0000",0,-500.000,0.000,-500.000,0.000
-499,16,"0x0010",16,-499.084,0.084,-499.023,0.023
-498,32,"0x0020",16,-498.108,0.108,-498.047,0.047
-497,49,"0x0031",17,-497.070,0.070,-497.009,0.009
-496,65,"0x0041",16,-496.093,0.093,-496.033,0.033
-495,81,"0x0051",16,-495.117,0.117,-495.056,0.056
-494,98,"0x0062",17,-494.079,0.079,-494.019,0.019
-493,114,"0x0072",16,-493.102,0.102,-493.042,0.042
-492,131,"0x0083",17,-492.064,0.064,-492.004,0.004
-491,147,"0x0093",16,-491.088,0.088,-491.028,0.028
-490,163,"0x00A3",16,-490.111,0.111,-490.051,0.051
-489,180,"0x00B4",17,-489.073,0.073,-489.014,0.014
-488,196,"0x00C4",16,-488.097,0.097,-488.037,0.037
-487,212,"0x00D4",16,-487.120,0.120,-487.061,0.061
-486,229,"0x00E5",17,-486.082,0.082,-486.023,0.023
-485,245,"0x00F5",16,-485.106,0.106,-485.046,0.046
-484,262,"0x0106",17,-484.068,0.068,-484.009,0.009
-483,278,"0x0116",16,-483.091,0.091,-483.032,0.032
-482,294,"0x0126",16,-482.115,0.115,-482.056,0.056
-481,311,"0x0137",17,-481.077,0.077,-481.018,0.018
-480,327,"0x0147",16,-480.100,0.100,-480.042,0.042
-479,344,"0x0158",17,-479.062,0.062,-479.004,0.004
-478,360,"0x0168",16,-478.086,0.086,-478.027,0.027
-477,376,"0x0178",16,-477.109,0.109,-477.051,0.051
-476,393,"0x0189",17,-476.071,0.071,-476.013,0.013
-475,409,"0x0199",16,-475.095,0.095,-475.037,0.037
-474,425,"0x01A9",16,-474.118,0.118,-474.060,0.060
-473,442,"0x01BA",17,-473.080,0.080,-473.022,0.022
-472,458,"0x01CA",16,-472.104,0.104,-472.046,0.046
-471,475,"0x01DB",17,-471.066,0.066,-471.008,0.008
-470,491,"0x01EB",16,-470.089,0.089,-470.032,0.032
-469,507,"0x01FB",16,-469.112,0.112,-469.055,0.055
-468,524,"0x020C",17,-468.075,0.075,-468.018,0.018
-467,540,"0x021C",16,-467.098,0.098,-467.041,0.041
-466,557,"0x022D",17,-466.060,0.060,-466.003,0.003
-465,573,"0x023D",16,-465.084,0.084,-465.027,0.027
-464,589,"0x024D",16,-464.107,0.107,-464.050,0.050
-463,606,"0x025E",17,-463.069,0.069,-463.013,0.013
-462,622,"0x026E",16,-462.093,0.093,-462.036,0.036
-461,638,"0x027E",16,-461.116,0.116,-461.060,0.060
-460,655,"0x028F",17,-460.078,0.078,-460.022,0.022
-459,671,"0x029F",16,-459.101,0.101,-459.045,0.045
-458,688,"0x02B0",17,-458.064,0.064,-458.008,0.008
-457,704,"0x02C0",16,-457.087,0.087,-457.031,0.031
-456,720,"0x02D0",16,-456.110,0.110,-456.055,0.055
-455,737,"0x02E1",17,-455.073,0.073,-455.017,0.017
-454,753,"0x02F1",16,-454.096,0.096,-454.041,0.041
-453,770,"0x0302",17,-453.058,0.058,-453.003,0.003
-452,786,"0x0312",16,-452.082,0.082,-452.026,0.026
-451,802,"0x0322",16,-451.105,0.105,-451.050,0.050
-450,819,"0x0333",17,-450.067,0.067,-450.012,0.012
-449,835,"0x0343",16,-449.090,0.090,-449.036,0.036
-448,851,"0x0353",16,-448.114,0.114,-448.059,0.059
-447,868,"0x0364",17,-447.076,0.076,-447.021,0.021
-446,884,"0x0374",16,-446.099,0.099,-446.045,0.045
-445,901,"0x0385",17,-445.062,0.062,-445.007,0.007
-444,917,"0x0395",16,-444.085,0.085,-444.031,0.031
-443,933,"0x03A5",16,-443.108,0.108,-443.054,0.054
-442,950,"0x03B6",17,-442.071,0.071,-442.017,0.017
-441,966,"0x03C6",16,-441.094,0.094,-441.040,0.040
-440,983,"0x03D7",17,-440.056,0.056,-440.002,0.002
-439,999,"0x03E7",16,-439.079,0.079,-439.026,0.026
-438,1015,"0x03F7",16,-438.103,0.103,-438.049,0.049
-437,1032,"0x0408",17,-437.065,0.065,-437.012,0.012
-436,1048,"0x0418",16,-436.088,0.088,-436.035,0.035
-435,1064,"0x0428",16,-435.112,0.112,-435.059,0.059
-434,1081,"0x0439",17,-434.074,0.074,-434.021,0.021
-433,1097,"0x0449",16,-433.097,0.097,-433.044,0.044
-432,1114,"0x045A",17,-432.060,0.060,-432.007,0.007
-431,1130,"0x046A",16,-431.083,0.083,-431.030,0.030
-430,1146,"0x047A",16,-430.106,0.106,-430.054,0.054
-429,1163,"0x048B",17,-429.068,0.068,-429.016,0.016
-428,1179,"0x049B",16,-428.092,0.092,-428.040,0.040
-427,1196,"0x04AC",17,-427.054,0.054,-427.002,0.002
-426,1212,"0x04BC",16,-426.077,0.077,-426.025,0.025
-425,1228,"0x04CC",16,-425.101,0.101,-425.049,0.049
-424,1245,"0x04DD",17,-424.063,0.063,-424.011,0.011
-423,1261,"0x04ED",16,-423.086,0.086,-423.035,0.035
-422,1277,"0x04FD",16,-422.110,0.110,-422.058,0.058
-421,1294,"0x050E",17,-421.072,0.072,-421.021,0.021
-420,1310,"0x051E",16,-420.095,0.095,-420.044,0.044
-419,1327,"0x052F",17,-419.058,0.058,-419.006,0.006
-418,1343,"0x053F",16,-418.081,0.081,-418.030,0.030
-417,1359,"0x054F",16,-417.104,0.104,-417.053,0.053
-416,1376,"0x0560",17,-416.066,0.066,-416.016,0.016
-415,1392,"0x0570",16,-415.090,0.090,-415.039,0.039
-414,1409,"0x0581",17,-414.052,0.052,-414.001,0.001
-413,1425,"0x0591",16,-413.075,0.075,-413.025,0.025
-412,1441,"0x05A1",16,-412.099,0.099,-412.048,0.048
-411,1458,"0x05B2",17,-411.061,0.061,-411.011,0.011
-410,1474,"0x05C2",16,-410.084,0.084,-410.034,0.034
-409,1490,"0x05D2",16,-409.108,0.108,-409.058,0.058
-408,1507,"0x05E3",17,-408.070,0.070,-408.020,0.020
-407,1523,"0x05F3",16,-407.093,0.093,-407.043,0.043
-406,1540,"0x0604",17,-406.055,0.055,-406.006,0.006
-405,1556,"0x0614",16,-405.079,0.079,-405.029,0.029
-404,1572,"0x0624",16,-404.102,0.102,-404.053,0.053
-403,1589,"0x0635",17,-403.064,0.064,-403.015,0.015
-402,1605,"0x0645",16,-402.088,0.088,-402.039,0.039
-401,1622,"0x0656",17,-401.050,0.050,-401.001,0.001
-400,1638,"0x0666",16,-400.073,0.073,-400.024,0.024
-399,1654,"0x0676",16,-399.097,0.097,-399.048,0.048
-398,1671,"0x0687",17,-398.059,0.059,-398.010,0.010
-397,1687,"0x0697",16,-397.082,0.082,-397.034,0.034
-396,1703,"0x06A7",16,-396.105,0.105,-396.057,0.057
-395,1720,"0x06B8",17,-395.068,0.068,-395.020,0.020
-394,1736,"0x06C8",16,-394.091,0.091,-394.043,0.043
-393,1753,"0x06D9",17,-393.053,0.053,-393.005,0.005
-392,1769,"0x06E9",16,-392.077,0.077,-392.029,0.029
-391,1785,"0x06F9",16,-391.100,0.100,-391.052,0.052
-390,1802,"0x070A",17,-390.062,0.062,-390.015,0.015
-389,1818,"0x071A",16,-389.086,0.086,-389.038,0.038
-388,1835,"0x072B",17,-388.048,0.048,-388.000,0.000
-387,1851,"0x073B",16,-387.071,0.071,-387.024,0.024
-386,1867,"0x074B",16,-386.094,0.094,-386.047,0.047
-385,1884,"0x075C",17,-385.057,0.057,-385.010,0.010
-384,1900,"0x076C",16,-384.080,0.080,-384.033,0.033
-383,1916,"0x077C",16,-383.103,0.103,-383.057,0.057
-382,1933,"0x078D",17,-382.066,0.066,-382.019,0.019
-381,1949,"0x079D",16,-381.089,0.089,-381.042,0.042
-380,1966,"0x07AE",17,-380.051,0.051,-380.005,0.005
-379,1982,"0x07BE",16,-379.075,0.075,-379.028,0.028
-378,1998,"0x07CE",16,-378.098,0.098,-378.052,0.052
-377,2015,"0x07DF",17,-377.060,0.060,-377.014,0.014
-376,2031,"0x07EF",16,-376.084,0.084,-376.038,0.038
-375,2048,"0x0800",17,-375.046,0.046,-375.000,0.000
-374,2064,"0x0810",16,-374.069,0.069,-374.023,0.023
-373,2080,"0x0820",16,-373.092,0.092,-373.047,0.047
-372,2097,"0x0831",17,-372.055,0.055,-372.009,0.009
-371,2113,"0x0841",16,-371.078,0.078,-371.033,0.033
-370,2129,"0x0851",16,-370.101,0.101,-370.056,0.056
-369,2146,"0x0862",17,-369.064,0.064,-369.019,0.019
-368,2162,"0x0872",16,-368.087,0.087,-368.042,0.042
-367,2179,"0x0883",17,-367.049,0.049,-367.004,0.004
-366,2195,"0x0893",16,-366.073,0.073,-366.028,0.028
-365,2211,"0x08A3",16,-365.096,0.096,-365.051,0.051
-364,2228,"0x08B4",17,-364.058,0.058,-364.014,0.014
-363,2244,"0x08C4",16,-363.081,0.081,-363.037,0.037
-362,2260,"0x08D4",16,-362.105,0.105,-362.061,0.061
-361,2277,"0x08E5",17,-361.067,0.067,-361.023,0.023
-360,2293,"0x08F5",16,-360.090,0.090,-360.046,0.046
-359,2310,"0x0906",17,-359.053,0.053,-359.009,0.009
-358,2326,"0x0916",16,-358.076,0.076,-358.032,0.032
-357,2342,"0x0926",16,-357.099,0.099,-357.056,0.056
-356,2359,"0x0937",17,-356.062,0.062,-356.018,0.018
-355,2375,"0x0947",16,-355.085,0.085,-355.042,0.042
-354,2392,"0x0958",17,-354.047,0.047,-354.004,0.004
-353,2408,"0x0968",16,-353.070,0.070,-353.027,0.027
-352,2424,"0x0978",16,-352.094,0.094,-352.051,0.051
-351,2441,"0x0989",17,-351.056,0.056,-351.013,0.013
-350,2457,"0x0999",16,-350.079,0.079,-350.037,0.037
-349,2473,"0x09A9",16,-349.103,0.103,-349.060,0.060
-348,2490,"0x09BA",17,-348.065,0.065,-348.022,0.022
-347,2506,"0x09CA",16,-347.088,0.088,-347.046,0.046
-346,2523,"0x09DB",17,-346.051,0.051,-346.008,0.008
-345,2539,"0x09EB",16,-345.074,0.074,-345.032,0.032
-344,2555,"0x09FB",16,-344.097,0.097,-344.055,0.055
-343,2572,"0x0A0C",17,-343.059,0.059,-343.018,0.018
-342,2588,"0x0A1C",16,-342.083,0.083,-342.041,0.041
-341,2605,"0x0A2D",17,-341.045,0.045,-341.003,0.003
-340,2621,"0x0A3D",16,-340.068,0.068,-340.027,0.027
-339,2637,"0x0A4D",16,-339.092,0.092,-339.050,0.050
-338,2654,"0x0A5E",17,-338.054,0.054,-338.013,0.013
-337,2670,"0x0A6E",16,-337.077,0.077,-337.036,0.036
-336,2686,"0x0A7E",16,-336.101,0.101,-336.060,0.060
-335,2703,"0x0A8F",17,-335.063,0.063,-335.022,0.022
-334,2719,"0x0A9F",16,-334.086,0.086,-334.045,0.045
-333,2736,"0x0AB0",17,-333.048,0.048,-333.008,0.008
-332,2752,"0x0AC0",16,-332.072,0.072,-332.031,0.031
-331,2768,"0x0AD0",16,-331.095,0.095,-331.055,0.055
-330,2785,"0x0AE1",17,-330.057,0.057,-330.017,0.017
-329,2801,"0x0AF1",16,-329.081,0.081,-329.041,0.041
-328,2818,"0x0B02",17,-328.043,0.043,-328.003,0.003
-327,2834,"0x0B12",16,-327.066,0.066,-327.026,0.026
-326,2850,"0x0B22",16,-326.090,0.090,-326.050,0.050
-325,2867,"0x0B33",17,-325.052,0.052,-325.012,0.012
-324,2883,"0x0B43",16,-324.075,0.075,-324.036,0.036
-323,2899,"0x0B53",16,-323.099,0.099,-323.059,0.059
-322,2916,"0x0B64",17,-322.061,0.061,-322.021,0.021
-321,2932,"0x0B74",16,-321.084,0.084,-321.045,0.045
-320,2949,"0x0B85",17,-320.046,0.046,-320.007,0.007
-319,2965,"0x0B95",16,-319.070,0.070,-319.031,0.031
-318,2981,"0x0BA5",16,-318.093,0.093,-318.054,0.054
-317,2998,"0x0BB6",17,-317.055,0.055,-317.017,0.017
-316,3014,"0x0BC6",16,-316.079,0.079,-316.040,0.040
-315,3031,"0x0BD7",17,-315.041,0.041,-315.002,0.002
-314,3047,"0x0BE7",16,-314.064,0.064,-314.026,0.026
-313,3063,"0x0BF7",16,-313.088,0.088,-313.049,0.049
-312,3080,"0x0C08",17,-312.050,0.050,-312.012,0.012
-311,3096,"0x0C18",16,-311.073,0.073,-311.035,0.035
-310,3112,"0x0C28",16,-310.096,0.096,-310.059,0.059
-309,3129,"0x0C39",17,-309.059,0.059,-309.021,0.021
-308,3145,"0x0C49",16,-308.082,0.082,-308.044,0.044
-307,3162,"0x0C5A",17,-307.044,0.044,-307.007,0.007
-306,3178,"0x0C6A",16,-306.068,0.068,-306.030,0.030
-305,3194,"0x0C7A",16,-305.091,0.091,-305.054,0.054
-304,3211,"0x0C8B",17,-304.053,0.053,-304.016,0.016
-303,3227,"0x0C9B",16,-303.077,0.077,-303.040,0.040
-302,3244,"0x0CAC",17,-302.039,0.039,-302.002,0.002
-301,3260,"0x0CBC",16,-301.062,0.062,-301.025,0.025
-300,3276,"0x0CCC",16,-300.085,0.085,-300.049,0.049
-299,3293,"0x0CDD",17,-299.048,0.048,-299.011,0.011
-298,3309,"0x0CED",16,-298.071,0.071,-298.035,0.035
-297,3325,"0x0CFD",16,-297.094,0.094,-297.058,0.058
-296,3342,"0x0D0E",17,-296.057,0.057,-296.021,0.021
-295,3358,"0x0D1E",16,-295.080,0.080,-295.044,0.044
-294,3375,"0x0D2F",17,-294.042,0.042,-294.006,0.006
-293,3391,"0x0D3F",16,-293.066,0.066,-293.030,0.030
-292,3407,"0x0D4F",16,-292.089,0.089,-292.053,0.053
-291,3424,"0x0D60",17,-291.051,0.051,-291.016,0.016
-290,3440,"0x0D70",16,-290.074,0.074,-290.039,0.039
-289,3457,"0x0D81",17,-289.037,0.037,-289.001,0.001
-288,3473,"0x0D91",16,-288.060,0.060,-288.025,0.025
-287,3489,"0x0DA1",16,-287.083,0.083,-287.048,0.048
-286,3506,"0x0DB2",17,-286.046,0.046,-286.011,0.011
-285,3522,"0x0DC2",16,-285.069,0.069,-285.034,0.034
-284,3538,"0x0DD2",16,-284.092,0.092,-284.058,0.058
-283,3555,"0x0DE3",17,-283.055,0.055,-283.020,0.020
-282,3571,"0x0DF3",16,-282.078,0.078,-282.043,0.043
-281,3588,"0x0E04",17,-281.040,0.040,-281.006,0.006
-280,3604,"0x0E14",16,-280.063,0.063,-280.029,0.029
-279,3620,"0x0E24",16,-279.087,0.087,-279.053,0.053
-278,3637,"0x0E35",17,-278.049,0.049,-278.015,0.015
-277,3653,"0x0E45",16,-277.072,0.072,-277.039,0.039
-276,3670,"0x0E56",17,-276.035,0.035,-276.001,0.001
-275,3686,"0x0E66",16,-275.058,0.058,-275.024,0.024
-274,3702,"0x0E76",16,-274.081,0.081,-274.048,0.048
-273,3719,"0x0E87",17,-273.044,0.044,-273.010,0.010
-272,3735,"0x0E97",16,-272.067,0.067,-272.034,0.034
-271,3751,"0x0EA7",16,-271.090,0.090,-271.057,0.057
-270,3768,"0x0EB8",17,-270.052,0.052,-270.020,0.020
-269,3784,"0x0EC8",16,-269.076,0.076,-269.043,0.043
-268,3801,"0x0ED9",17,-268.038,0.038,-268.005,0.005
-267,3817,"0x0EE9",16,-267.061,0.061,-267.029,0.029
-266,3833,"0x0EF9",16,-266.085,0.085,-266.052,0.052
-265,3850,"0x0F0A",17,-265.047,0.047,-265.015,0.015
-264,3866,"0x0F1A",16,-264.070,0.070,-264.038,0.038
-263,3883,"0x0F2B",17,-263.033,0.033,-263.000,0.000
-262,3899,"0x0F3B",16,-262.056,0.056,-262.024,0.024
-261,3915,"0x0F4B",16,-261.079,0.079,-261.047,0.047
-260,3932,"0x0F5C",17,-260.042,0.042,-260.010,0.010
-259,3948,"0x0F6C",16,-259.065,0.065,-259.033,0.033
-258,3964,"0x0F7C",16,-258.088,0.088,-258.057,0.057
-257,3981,"0x0F8D",17,-257.050,0.050,-257.019,0.019
-256,3997,"0x0F9D",16,-256.074,0.074,-256.042,0.042
-255,4014,"0x0FAE",17,-255.036,0.036,-255.005,0.005
-254,4030,"0x0FBE",16,-254.059,0.059,-254.028,0.028
-253,4046,"0x0FCE",16,-253.083,0.083,-253.052,0.052
-252,4063,"0x0FDF",17,-252.045,0.045,-252.014,0.014
-251,4079,"0x0FEF",16,-251.068,0.068,-251.038,0.038
-250,4096,"0x1000",17,-250.031,0.031,-250.000,0.000
-249,4112,"0x1010",16,-249.054,0.054,-249.023,0.023
-248,4128,"0x1020",16,-248.077,0.077,-248.047,0.047
-247,4145,"0x1031",17,-247.039,0.039,-247.009,0.009
-246,4161,"0x1041",16,-246.063,0.063,-246.033,0.033
-245,4177,"0x1051",16,-245.086,0.086,-245.056,0.056
-244,4194,"0x1062",17,-244.048,0.048,-244.019,0.019
-243,4210,"0x1072",16,-243.072,0.072,-243.042,0.042
-242,4227,"0x1083",17,-242.034,0.034,-242.004,0.004
-241,4243,"0x1093",16,-241.057,0.057,-241.028,0.028
-240,4259,"0x10A3",16,-240.081,0.081,-240.051,0.051
-239,4276,"0x10B4",17,-239.043,0.043,-239.014,0.014
-238,4292,"0x10C4",16,-238.066,0.066,-238.037,0.037
-237,4308,"0x10D4",16,-237.089,0.089,-237.061,0.061
-236,4325,"0x10E5",17,-236.052,0.052,-236.023,0.023
-235,4341,"0x10F5",16,-235.075,0.075,-235.046,0.046
-234,4358,"0x1106",17,-234.037,0.037,-234.009,0.009
-233,4374,"0x1116",16,-233.061,0.061,-233.032,0.032
-232,4390,"0x1126",16,-232.084,0.084,-232.056,0.056
-231,4407,"0x1137",17,-231.046,0.046,-231.018,0.018
-230,4423,"0x1147",16,-230.070,0.070,-230.042,0.042
-229,4440,"0x1158",17,-229.032,0.032,-229.004,0.004
-228,4456,"0x1168",16,-228.055,0.055,-228.027,0.027
-227,4472,"0x1178",16,-227.079,0.079,-227.051,0.051
-226,4489,"0x1189",17,-226.041,0.041,-226.013,0.013
-225,4505,"0x1199",16,-225.064,0.064,-225.037,0.037
-224,4521,"0x11A9",16,-224.087,0.087,-224.060,0.060
-223,4538,"0x11BA",17,-223.050,0.050,-223.022,0.022
-222,4554,"0x11CA",16,-222.073,0.073,-222.046,0.046
-221,4571,"0x11DB",17,-221.035,0.035,-221.008,0.008
-220,4587,"0x11EB",16,-220.059,0.059,-220.032,0.032
-219,4603,"0x11FB",16,-219.082,0.082,-219.055,0.055
-218,4620,"0x120C",17,-218.044,0.044,-218.018,0.018
-217,4636,"0x121C",16,-217.068,0.068,-217.041,0.041
-216,4653,"0x122D",17,-216.030,0.030,-216.003,0.003
-215,4669,"0x123D",16,-215.053,0.053,-215.027,0.027
-214,4685,"0x124D",16,-214.076,0.076,-214.050,0.050
-213,4702,"0x125E",17,-213.039,0.039,-213.013,0.013
-212,4718,"0x126E",16,-212.062,0.062,-212.036,0.036
-211,4734,"0x127E",16,-211.085,0.085,-211.060,0.060
-210,4751,"0x128F",17,-210.048,0.048,-210.022,0.022
-209,4767,"0x129F",16,-209.071,0.071,-209.045,0.045
-208,4784,"0x12B0",17,-208.033,0.033,-208.008,0.008
-207,4800,"0x12C0",16,-207.057,0.057,-207.031,0.031
-206,4816,"0x12D0",16,-206.080,0.080,-206.055,0.055
-205,4833,"0x12E1",17,-205.042,0.042,-205.017,0.017
-204,4849,"0x12F1",16,-204.065,0.065,-204.041,0.041
-203,4866,"0x1302",17,-203.028,0.028,-203.003,0.003
-202,4882,"0x1312",16,-202.051,0.051,-202.026,0.026
-201,4898,"0x1322",16,-201.074,0.074,-201.050,0.050
-200,4915,"0x1333",17,-200.037,0.037,-200.012,0.012
-199,4931,"0x1343",16,-199.060,0.060,-199.036,0.036
-198,4947,"0x1353",16,-198.083,0.083,-198.059,0.059
-197,4964,"0x1364",17,-197.046,0.046,-197.021,0.021
-196,4980,"0x1374",16,-196.069,0.069,-196.045,0.045
-195,4997,"0x1385",17,-195.031,0.031,-195.007,0.007
-194,5013,"0x1395",16,-194.054,0.054,-194.031,0.031
-193,5029,"0x13A5",16,-193.078,0.078,-193.054,0.054
-192,5046,"0x13B6",17,-192.040,0.040,-192.017,0.017
-191,5062,"0x13C6",16,-191.063,0.063,-191.040,0.040
-190,5079,"0x13D7",17,-190.026,0.026,-190.002,0.002
-189,5095,"0x13E7",16,-189.049,0.049,-189.026,0.026
-188,5111,"0x13F7",16,-188.072,0.072,-188.049,0.049
-187,5128,"0x1408",17,-187.035,0.035,-187.012,0.012
-186,5144,"0x1418",16,-186.058,0.058,-186.035,0.035
-185,5160,"0x1428",16,-185.081,0.081,-185.059,0.059
-184,5177,"0x1439",17,-184.043,0.043,-184.021,0.021
-183,5193,"0x1449",16,-183.067,0.067,-183.044,0.044
-182,5210,"0x145A",17,-182.029,0.029,-182.007,0.007
-181,5226,"0x146A",16,-181.052,0.052,-181.030,0.030
-180,5242,"0x147A",16,-180.076,0.076,-180.054,0.054
-179,5259,"0x148B",17,-179.038,0.038,-179.016,0.016
-178,5275,"0x149B",16,-178.061,0.061,-178.040,0.040
-177,5292,"0x14AC",17,-177.024,0.024,-177.002,0.002
-176,5308,"0x14BC",16,-176.047,0.047,-176.025,0.025
-175,5324,"0x14CC",16,-175.070,0.070,-175.049,0.049
-174,5341,"0x14DD",17,-174.032,0.032,-174.011,0.011
-173,5357,"0x14ED",16,-173.056,0.056,-173.035,0.035
-172,5373,"0x14FD",16,-172.079,0.079,-172.058,0.058
-171,5390,"0x150E",17,-171.041,0.041,-171.021,0.021
-170,5406,"0x151E",16,-170.065,0.065,-170.044,0.044
-169,5423,"0x152F",17,-169.027,0.027,-169.006,0.006
-168,5439,"0x153F",16,-168.050,0.050,-168.030,0.030
-167,5455,"0x154F",16,-167.074,0.074,-167.053,0.053
-166,5472,"0x1560",17,-166.036,0.036,-166.016,0.016
-165,5488,"0x1570",16,-165.059,0.059,-165.039,0.039
-164,5505,"0x1581",17,-164.021,0.021,-164.001,0.001
-163,5521,"0x1591",16,-163.045,0.045,-163.025,0.025
-162,5537,"0x15A1",16,-162.068,0.068,-162.048,0.048
-161,5554,"0x15B2",17,-161.030,0.030,-161.011,0.011
-160,5570,"0x15C2",16,-160.054,0.054,-160.034,0.034
-159,5586,"0x15D2",16,-159.077,0.077,-159.058,0.058
-158,5603,"0x15E3",17,-158.039,0.039,-158.020,0.020
-157,5619,"0x15F3",16,-157.063,0.063,-157.043,0.043
-156,5636,"0x1604",17,-156.025,0.025,-156.006,0.006
-155,5652,"0x1614",16,-155.048,0.048,-155.029,0.029
-154,5668,"0x1624",16,-154.072,0.072,-154.053,0.053
-153,5685,"0x1635",17,-153.034,0.034,-153.015,0.015
-152,5701,"0x1645",16,-152.057,0.057,-152.039,0.039
-151,5718,"0x1656",17,-151.019,0.019,-151.001,0.001
-150,5734,"0x1666",16,-150.043,0.043,-150.024,0.024
-149,5750,"0x1676",16,-149.066,0.066,-149.048,0.048
-148,5767,"0x1687",17,-148.028,0.028,-148.010,0.010
-147,5783,"0x1697",16,-147.052,0.052,-147.034,0.034
-146,5799,"0x16A7",16,-146.075,0.075,-146.057,0.057
-145,5816,"0x16B8",17,-145.037,0.037,-145.020,0.020
-144,5832,"0x16C8",16,-144.061,0.061,-144.043,0.043
-143,5849,"0x16D9",17,-143.023,0.023,-143.005,0.005
-142,5865,"0x16E9",16,-142.046,0.046,-142.029,0.029
-141,5881,"0x16F9",16,-141.069,0.069,-141.052,0.052
-140,5898,"0x170A",17,-140.032,0.032,-140.015,0.015
-139,5914,"0x171A",16,-139.055,0.055,-139.038,0.038
-138,5931,"0x172B",17,-138.017,0.017,-138.000,0.000
-137,5947,"0x173B",16,-137.041,0.041,-137.024,0.024
-136,5963,"0x174B",16,-136.064,0.064,-136.047,0.047
-135,5980,"0x175C",17,-135.026,0.026,-135.010,0.010
-134,5996,"0x176C",16,-134.050,0.050,-134.033,0.033
-133,6012,"0x177C",16,-133.073,0.073,-133.057,0.057
-132,6029,"0x178D",17,-132.035,0.035,-132.019,0.019
-131,6045,"0x179D",16,-131.058,0.058,-131.042,0.042
-130,6062,"0x17AE",17,-130.021,0.021,-130.005,0.005
-129,6078,"0x17BE",16,-129.044,0.044,-129.028,0.028
-128,6094,"0x17CE",16,-128.067,0.067,-128.052,0.052
-127,6111,"0x17DF",17,-127.030,0.030,-127.014,0.014
-126,6127,"0x17EF",16,-126.053,0.053,-126.038,0.038
-125,6144,"0x1800",17,-125.015,0.015,-125.000,0.000
-124,6160,"0x1810",16,-124.039,0.039,-124.023,0.023
-123,6176,"0x1820",16,-123.062,0.062,-123.047,0.047
-122,6193,"0x1831",17,-122.024,0.024,-122.009,0.009
-121,6209,"0x1841",16,-121.047,0.047,-121.033,0.033
-120,6225,"0x1851",16,-120.071,0.071,-120.056,0.056
-119,6242,"0x1862",17,-119.033,0.033,-119.019,0.019
-118,6258,"0x1872",16,-118.056,0.056,-118.042,0.042
-117,6275,"0x1883",17,-117.019,0.019,-117.004,0.004
-116,6291,"0x1893",16,-116.042,0.042,-116.028,0.028
-115,6307,"0x18A3",16,-115.065,0.065,-115.051,0.051
-114,6324,"0x18B4",17,-114.028,0.028,-114.014,0.014
-113,6340,"0x18C4",16,-113.051,0.051,-113.037,0.037
-112,6356,"0x18D4",16,-112.074,0.074,-112.061,0.061
-111,6373,"0x18E5",17,-111.037,0.037,-111.023,0.023
-110,6389,"0x18F5",16,-110.060,0.060,-110.046,0.046
-109,6406,"0x1906",17,-109.022,0.022,-109.009,0.009
-108,6422,"0x1916",16,-108.045,0.045,-108.032,0.032
-107,6438,"0x1926",16,-107.069,0.069,-107.056,0.056
-106,6455,"0x1937",17,-106.031,0.031,-106.018,0.018
-105,6471,"0x1947",16,-105.054,0.054,-105.042,0.042
-104,6488,"0x1958",17,-104.017,0.017,-104.004,0.004
-103,6504,"0x1968",16,-103.040,0.040,-103.027,0.027
-102,6520,"0x1978",16,-102.063,0.063,-102.051,0.051
-101,6537,"0x1989",17,-101.026,0.026,-101.013,0.013
-100,6553,"0x1999",16,-100.049,0.049,-100.037,0.037
-99,6569,"0x19A9",16,-99.072,0.072,-99.060,0.060
-98,6586,"0x19BA",17,-98.034,0.034,-98.022,0.022
-97,6602,"0x19CA",16,-97.058,0.058,-97.046,0.046
-96,6619,"0x19DB",17,-96.020,0.020,-96.008,0.008
-95,6635,"0x19EB",16,-95.043,0.043,-95.032,0.032
-94,6651,"0x19FB",16,-94.067,0.067,-94.055,0.055
-93,6668,"0x1A0C",17,-93.029,0.029,-93.018,0.018
-92,6684,"0x1A1C",16,-92.052,0.052,-92.041,0.041
-91,6701,"0x1A2D",17,-91.015,0.015,-91.003,0.003
-90,6717,"0x1A3D",16,-90.038,0.038,-90.027,0.027
-89,6733,"0x1A4D",16,-89.061,0.061,-89.050,0.050
-88,6750,"0x1A5E",17,-88.023,0.023,-88.013,0.013
-87,6766,"0x1A6E",16,-87.047,0.047,-87.036,0.036
-86,6782,"0x1A7E",16,-86.070,0.070,-86.060,0.060
-85,6799,"0x1A8F",17,-85.032,0.032,-85.022,0.022
-84,6815,"0x1A9F",16,-84.056,0.056,-84.045,0.045
-83,6832,"0x1AB0",17,-83.018,0.018,-83.008,0.008
-82,6848,"0x1AC0",16,-82.041,0.041,-82.031,0.031
-81,6864,"0x1AD0",16,-81.065,0.065,-81.055,0.055
-80,6881,"0x1AE1",17,-80.027,0.027,-80.017,0.017
-79,6897,"0x1AF1",16,-79.050,0.050,-79.041,0.041
-78,6914,"0x1B02",17,-78.012,0.012,-78.003,0.003
-77,6930,"0x1B12",16,-77.036,0.036,-77.026,0.026
-76,6946,"0x1B22",16,-76.059,0.059,-76.050,0.050
-75,6963,"0x1B33",17,-75.021,0.021,-75.012,0.012
-74,6979,"0x1B43",16,-74.045,0.045,-74.036,0.036
-73,6995,"0x1B53",16,-73.068,0.068,-73.059,0.059
-72,7012,"0x1B64",17,-72.030,0.030,-72.021,0.021
-71,7028,"0x1B74",16,-71.054,0.054,-71.045,0.045
-70,7045,"0x1B85",17,-70.016,0.016,-70.007,0.007
-69,7061,"0x1B95",16,-69.039,0.039,-69.031,0.031
-68,7077,"0x1BA5",16,-68.063,0.063,-68.054,0.054
-67,7094,"0x1BB6",17,-67.025,0.025,-67.017,0.017
-66,7110,"0x1BC6",16,-66.048,0.048,-66.040,0.040
-65,7127,"0x1BD7",17,-65.010,0.010,-65.002,0.002
-64,7143,"0x1BE7",16,-64.034,0.034,-64.026,0.026
-63,7159,"0x1BF7",16,-63.057,0.057,-63.049,0.049
-62,7176,"0x1C08",17,-62.019,0.019,-62.012,0.012
-61,7192,"0x1C18",16,-61.043,0.043,-61.035,0.035
-60,7208,"0x1C28",16,-60.066,0.066,-60.059,0.059
-59,7225,"0x1C39",17,-59.028,0.028,-59.021,0.021
-58,7241,"0x1C49",16,-58.052,0.052,-58.044,0.044
-57,7258,"0x1C5A",17,-57.014,0.014,-57.007,0.007
-56,7274,"0x1C6A",16,-56.037,0.037,-56.030,0.030
-55,7290,"0x1C7A",16,-55.060,0.060,-55.054,0.054
-54,7307,"0x1C8B",17,-54.023,0.023,-54.016,0.016
-53,7323,"0x1C9B",16,-53.046,0.046,-53.040,0.040
-52,7340,"0x1CAC",17,-52.008,0.008,-52.002,0.002
-51,7356,"0x1CBC",16,-51.032,0.032,-51.025,0.025
-50,7372,"0x1CCC",16,-50.055,0.055,-50.049,0.049
-49,7389,"0x1CDD",17,-49.017,0.017,-49.011,0.011
-48,7405,"0x1CED",16,-48.041,0.041,-48.035,0.035
-47,7421,"0x1CFD",16,-47.064,0.064,-47.058,0.058
-46,7438,"0x1D0E",17,-46.026,0.026,-46.021,0.021
-45,7454,"0x1D1E",16,-45.049,0.049,-45.044,0.044
-44,7471,"0x1D2F",17,-44.012,0.012,-44.006,0.006
-43,7487,"0x1D3F",16,-43.035,0.035,-43.030,0.030
-42,7503,"0x1D4F",16,-42.058,0.058,-42.053,0.053
-41,7520,"0x1D60",17,-41.021,0.021,-41.016,0.016
-40,7536,"0x1D70",16,-40.044,0.044,-40.039,0.039
-39,7553,"0x1D81",17,-39.006,0.006,-39.001,0.001
-38,7569,"0x1D91",16,-38.030,0.030,-38.025,0.025
-37,7585,"0x1DA1",16,-37.053,0.053,-37.048,0.048
-36,7602,"0x1DB2",17,-36.015,0.015,-36.011,0.011
-35,7618,"0x1DC2",16,-35.038,0.038,-35.034,0.034
-34,7634,"0x1DD2",16,-34.062,0.062,-34.058,0.058
-33,7651,"0x1DE3",17,-33.024,0.024,-33.020,0.020
-32,7667,"0x1DF3",16,-32.047,0.047,-32.043,0.043
-31,7684,"0x1E04",17,-31.010,0.010,-31.006,0.006
-30,7700,"0x1E14",16,-30.033,0.033,-30.029,0.029
-29,7716,"0x1E24",16,-29.056,0.056,-29.053,0.053
-28,7733,"0x1E35",17,-28.019,0.019,-28.015,0.015
-27,7749,"0x1E45",16,-27.042,0.042,-27.039,0.039
-26,7766,"0x1E56",17,-26.004,0.004,-26.001,0.001
-25,7782,"0x1E66",16,-25.027,0.027,-25.024,0.024
-24,7798,"0x1E76",16,-24.051,0.051,-24.048,0.048
-23,7815,"0x1E87",17,-23.013,0.013,-23.010,0.010
-22,7831,"0x1E97",16,-22.036,0.036,-22.034,0.034
-21,7847,"0x1EA7",16,-21.060,0.060,-21.057,0.057
-20,7864,"0x1EB8",17,-20.022,0.022,-20.020,0.020
-19,7880,"0x1EC8",16,-19.045,0.045,-19.043,0.043
-18,7897,"0x1ED9",17,-18.008,0.008,-18.005,0.005
-17,7913,"0x1EE9",16,-17.031,0.031,-17.029,0.029
-16,7929,"0x1EF9",16,-16.054,0.054,-16.052,0.052
-15,7946,"0x1F0A",17,-15.016,0.016,-15.015,0.015
-14,7962,"0x1F1A",16,-14.040,0.040,-14.038,0.038
-13,7979,"0x1F2B",17,-13.002,0.002,-13.000,0.000
-12,7995,"0x1F3B",16,-12.025,0.025,-12.024,0.024
-11,8011,"0x1F4B",16,-11.049,0.049,-11.047,0.047
-10,8028,"0x1F5C",17,-10.011,0.011,-10.010,0.010
-9,8044,"0x1F6C",16,-9.034,0.034,-9.033,0.033
-8,8060,"0x1F7C",16,-8.058,0.058,-8.057,0.057
-7,8077,"0x1F8D",17,-7.020,0.020,-7.019,0.019
-6,8093,"0x1F9D",16,-6.043,0.043,-6.042,0.042
-5,8110,"0x1FAE",17,-5.005,0.005,-5.005,0.005
-4,8126,"0x1FBE",16,-4.029,0.029,-4.028,0.028
-3,8142,"0x1FCE",16,-3.052,0.052,-3.052,0.052
-2,8159,"0x1FDF",17,-2.014,0.014,-2.014,0.014
-1,8175,"0x1FEF",16,-1.038,0.038,-1.038,0.038
0,8192,"0x2000",17,0.000,0.000,0.000,0.000
1,8208,"0x2010",16,0.977,0.023,0.977,0.023
2,8224,"0x2020",16,1.953,0.047,1.953,0.047
3,8241,"0x2031",17,2.991,0.009,2.991,0.009
4,8257,"0x2041",16,3.968,0.032,3.968,0.032
5,8273,"0x2051",16,4.944,0.056,4.944,0.056
6,8290,"0x2062",17,5.982,0.018,5.982,0.018
7,8306,"0x2072",16,6.959,0.041,6.959,0.041
8,8323,"0x2083",17,7.997,0.003,7.997,0.003
9,8339,"0x2093",16,8.973,0.027,8.973,0.027
10,8355,"0x20A3",16,9.950,0.050,9.950,0.050
11,8372,"0x20B4",17,10.988,0.012,10.988,0.012
12,8388,"0x20C4",16,11.964,0.036,11.964,0.036
13,8404,"0x20D4",16,12.941,0.059,12.941,0.059
14,8421,"0x20E5",17,13.979,0.021,13.979,0.021
15,8437,"0x20F5",16,14.955,0.045,14.955,0.045
16,8454,"0x2106",17,15.993,0.007,15.993,0.007
17,8470,"0x2116",16,16.970,0.030,16.970,0.030
18,8486,"0x2126",16,17.947,0.053,17.947,0.053
19,8503,"0x2137",17,18.984,0.016,18.984,0.016
20,8519,"0x2147",16,19.961,0.039,19.961,0.039
21,8536,"0x2158",17,20.999,0.001,20.999,0.001
22,8552,"0x2168",16,21.975,0.025,21.975,0.025
23,8568,"0x2178",16,22.952,0.048,22.952,0.048
24,8585,"0x2189",17,23.990,0.010,23.990,0.010
25,8601,"0x2199",16,24.966,0.034,24.966,0.034
26,8617,"0x21A9",16,25.943,0.057,25.943,0.057
27,8634,"0x21BA",17,26.981,0.019,26.981,0.019
28,8650,"0x21CA",16,27.958,0.042,27.958,0.042
29,8667,"0x21DB",17,28.995,0.005,28.995,0.005
30,8683,"0x21EB",16,29.972,0.028,29.972,0.028
31,8699,"0x21FB",16,30.949,0.051,30.949,0.051
32,8716,"0x220C",17,31.986,0.014,31.986,0.014
33,8732,"0x221C",16,32.963,0.037,32.963,0.037
34,8749,"0x222D",17,34.001,-0.001,34.001,-0.001
35,8765,"0x223D",16,34.977,0.023,34.977,0.023
36,8781,"0x224D",16,35.954,0.046,35.954,0.046
37,8798,"0x225E",17,36.992,0.008,36.992,0.008
38,8814,"0x226E",16,37.969,0.031,37.969,0.031
39,8830,"0x227E",16,38.945,0.055,38.945,0.055
40,8847,"0x228F",17,39.983,0.017,39.983,0.017
41,8863,"0x229F",16,40.960,0.040,40.960,0.040
42,8880,"0x22B0",17,41.997,0.003,41.997,0.003
43,8896,"0x22C0",16,42.974,0.026,42.974,0.026
44,8912,"0x22D0",16,43.951,0.049,43.951,0.049
45,8929,"0x22E1",17,44.988,0.012,44.988,0.012
46,8945,"0x22F1",16,45.965,0.035,45.965,0.035
47,8962,"0x2302",17,47.003,-0.003,47.003,-0.003
48,8978,"0x2312",16,47.979,0.021,47.979,0.021
49,8994,"0x2322",16,48.956,0.044,48.956,0.044
50,9011,"0x2333",17,49.994,0.006,49.994,0.006
51,9027,"0x2343",16,50.971,0.029,50.971,0.029
52,9043,"0x2353",16,51.947,0.053,51.947,0.053
53,9060,"0x2364",17,52.985,0.015,52.985,0.015
54,9076,"0x2374",16,53.962,0.038,53.962,0.038
55,9093,"0x2385",17,54.999,0.001,54.999,0.001
56,9109,"0x2395",16,55.976,0.024,55.976,0.024
57,9125,"0x23A5",16,56.953,0.047,56.953,0.047
58,9142,"0x23B6",17,57.990,0.010,57.990,0.010
59,9158,"0x23C6",16,58.967,0.033,58.967,0.033
60,9175,"0x23D7",17,60.005,-0.005,60.005,-0.005
61,9191,"0x23E7",16,60.982,0.018,60.982,0.018
62,9207,"0x23F7",16,61.958,0.042,61.958,0.042
63,9224,"0x2408",17,62.996,0.004,62.996,0.004
64,9240,"0x2418",16,63.973,0.027,63.973,0.027
65,9256,"0x2428",16,64.949,0.051,64.949,0.051
66,9273,"0x2439",17,65.987,0.013,65.987,0.013
67,9289,"0x2449",16,66.964,0.036,66.964,0.036
68,9306,"0x245A",17,68.001,-0.001,68.001,-0.001
69,9322,"0x246A",16,68.978,0.022,68.978,0.022
70,9338,"0x247A",16,69.955,0.045,69.955,0.045
71,9355,"0x248B",17,70.993,0.007,70.993,0.007
72,9371,"0x249B",16,71.969,0.031,71.969,0.031
73,9388,"0x24AC",17,73.007,-0.007,73.007,-0.007
74,9404,"0x24BC",16,73.984,0.016,73.984,0.016
75,9420,"0x24CC",16,74.960,0.040,74.960,0.040
76,9437,"0x24DD",17,75.998,0.002,75.998,0.002
77,9453,"0x24ED",16,76.975,0.025,76.975,0.025
78,9469,"0x24FD",16,77.951,0.049,77.951,0.049
79,9486,"0x250E",17,78.989,0.011,78.989,0.011
80,9502,"0x251E",16,79.966,0.034,79.966,0.034
81,9519,"0x252F",17,81.004,-0.004,81.004,-0.004
82,9535,"0x253F",16,81.980,0.020,81.980,0.020
83,9551,"0x254F",16,82.957,0.043,82.957,0.043
84,9568,"0x2560",17,83.995,0.005,83.995,0.005
85,9584,"0x2570",16,84.971,0.029,84.971,0.029
86,9601,"0x2581",17,86.009,-0.009,86.009,-0.009
87,9617,"0x2591",16,86.986,0.014,86.986,0.014
88,9633,"0x25A1",16,87.962,0.038,87.962,0.038
89,9650,"0x25B2",17,89.000,-0.000,89.000,-0.000
90,9666,"0x25C2",16,89.977,0.023,89.977,0.023
91,9682,"0x25D2",16,90.953,0.047,90.953,0.047
92,9699,"0x25E3",17,91.991,0.009,91.991,0.009
93,9715,"0x25F3",16,92.968,0.032,92.968,0.032
94,9732,"0x2604",17,94.006,-0.006,94.006,-0.006
95,9748,"0x2614",16,94.982,0.018,94.982,0.018
96,9764,"0x2624",16,95.959,0.041,95.959,0.041
97,9781,"0x2635",17,96.997,0.003,96.997,0.003
98,9797,"0x2645",16,97.973,0.027,97.973,0.027
99,9814,"0x2656",17,99.011,-0.011,99.011,-0.011
100,9830,"0x2666",16,99.988,0.012,99.988,0.012
101,9846,"0x2676",16,100.964,0.036,100.964,0.036
102,9863,"0x2687",17,102.002,-0.002,102.002,-0.002
103,9879,"0x2697",16,102.979,0.021,102.979,0.021
104,9895,"0x26A7",16,103.956,0.044,103.956,0.044
105,9912,"0x26B8",17,104.993,0.007,104.993,0.007
106,9928,"0x26C8",16,105.970,0.030,105.970,0.030
107,9945,"0x26D9",17,107.008,-0.008,107.008,-0.008
108,9961,"0x26E9",16,107.984,0.016,107.984,0.016
109,9977,"0x26F9",16,108.961,0.039,108.961,0.039
110,9994,"0x270A",17,109.999,0.001,109.999,0.001
111,10010,"0x271A",16,110.975,0.025,110.975,0.025
112,10027,"0x272B",17,112.013,-0.013,112.013,-0.013
113,10043,"0x273B",16,112.990,0.010,112.990,0.010
114,10059,"0x274B",16,113.967,0.033,113.967,0.033
115,10076,"0x275C",17,115.004,-0.004,115.004,-0.004
116,10092,"0x276C",16,115.981,0.019,115.981,0.019
117,10108,"0x277C",16,116.958,0.042,116.958,0.042
118,10125,"0x278D",17,117.995,0.005,117.995,0.005
119,10141,"0x279D",16,118.972,0.028,118.972,0.028
120,10158,"0x27AE",17,120.010,-0.010,120.010,-0.010
121,10174,"0x27BE",16,120.986,0.014,120.986,0.014
122,10190,"0x27CE",16,121.963,0.037,121.963,0.037
123,10207,"0x27DF",17,123.001,-0.001,123.001,-0.001
124,10223,"0x27EF",16,123.978,0.022,123.978,0.022
125,10239,"0x27FF",16,124.954,0.046,124.954,0.046
126,10256,"0x2810",17,125.992,0.008,125.992,0.008
127,10272,"0x2820",16,126.969,0.031,126.969,0.031
128,10289,"0x2831",17,128.006,-0.006,128.006,-0.006
129,10305,"0x2841",16,128.983,0.017,128.983,0.017
130,10321,"0x2851",16,129.960,0.040,129.960,0.040
131,10338,"0x2862",17,130.997,0.003,130.997,0.003
132,10354,"0x2872",16,131.974,0.026,131.974,0.026
133,10371,"0x2883",17,133.012,-0.012,133.012,-0.012
134,10387,"0x2893",16,133.989,0.011,133.989,0.011
135,10403,"0x28A3",16,134.965,0.035,134.965,0.035
136,10420,"0x28B4",17,136.003,-0.003,136.003,-0.003
137,10436,"0x28C4",16,136.980,0.020,136.980,0.020
138,10452,"0x28D4",16,137.956,0.044,137.956,0.044
139,10469,"0x28E5",17,138.994,0.006,138.994,0.006
140,10485,"0x28F5",16,139.971,0.029,139.971,0.029
141,10502,"0x2906",17,141.008,-0.008,141.008,-0.008
142,10518,"0x2916",16,141.985,0.015,141.985,0.015
143,10534,"0x2926",16,142.962,0.038,142.962,0.038
144,10551,"0x2937",17,144.000,0.000,144.000,0.000
145,10567,"0x2947",16,144.976,0.024,144.976,0.024
146,10584,"0x2958",17,146.014,-0.014,146.014,-0.014
147,10600,"0x2968",16,146.991,0.009,146.991,0.009
148,10616,"0x2978",16,147.967,0.033,147.967,0.033
149,10633,"0x2989",17,149.005,-0.005,149.005,-0.005
150,10649,"0x2999",16,149.982,0.018,149.982,0.018
151,10665,"0x29A9",16,150.958,0.042,150.958,0.042
152,10682,"0x29BA",17,151.996,0.004,151.996,0.004
153,10698,"0x29CA",16,152.973,0.027,152.973,0.027
154,10715,"0x29DB",17,154.010,-0.010,154.010,-0.010
155,10731,"0x29EB",16,154.987,0.013,154.987,0.013
156,10747,"0x29FB",16,155.964,0.036,155.964,0.036
157,10764,"0x2A0C",17,157.002,-0.002,157.002,-0.002
158,10780,"0x2A1C",16,157.978,0.022,157.978,0.022
159,10797,"0x2A2D",17,159.016,-0.016,159.016,-0.016
160,10813,"0x2A3D",16,159.993,0.007,159.993,0.007
161,10829,"0x2A4D",16,160.969,0.031,160.969,0.031
162,10846,"0x2A5E",17,162.007,-0.007,162.007,-0.007
163,10862,"0x2A6E",16,162.984,0.016,162.984,0.016
164,10878,"0x2A7E",16,163.960,0.040,163.960,0.040
165,10895,"0x2A8F",17,164.998,0.002,164.998,0.002
166,10911,"0x2A9F",16,165.975,0.025,165.975,0.025
167,10928,"0x2AB0",17,167.013,-0.013,167.013,-0.013
168,10944,"0x2AC0",16,167.989,0.011,167.989,0.011
169,10960,"0x2AD0",16,168.966,0.034,168.966,0.034
170,10977,"0x2AE1",17,170.004,-0.004,170.004,-0.004
171,10993,"0x2AF1",16,170.980,0.020,170.980,0.020
172,11010,"0x2B02",17,172.018,-0.018,172.018,-0.018
173,11026,"0x2B12",16,172.995,0.005,172.995,0.005
174,11042,"0x2B22",16,173.971,0.029,173.971,0.029
175,11059,"0x2B33",17,175.009,-0.009,175.009,-0.009
176,11075,"0x2B43",16,175.986,0.014,175.986,0.014
177,11091,"0x2B53",16,176.963,0.037,176.963,0.037
178,11108,"0x2B64",17,178.000,-0.000,178.000,-0.000
179,11124,"0x2B74",16,178.977,0.023,178.977,0.023
180,11141,"0x2B85",17,180.015,-0.015,180.015,-0.015
181,11157,"0x2B95",16,180.991,0.009,180.991,0.009
182,11173,"0x2BA5",16,181.968,0.032,181.968,0.032
183,11190,"0x2BB6",17,183.006,-0.006,183.006,-0.006
184,11206,"0x2BC6",16,183.982,0.018,183.982,0.018
185,11223,"0x2BD7",17,185.020,-0.020,185.020,-0.020
186,11239,"0x2BE7",16,185.997,0.003,185.997,0.003
187,11255,"0x2BF7",16,186.974,0.026,186.974,0.026
188,11272,"0x2C08",17,188.011,-0.011,188.011,-0.011
189,11288,"0x2C18",16,188.988,0.012,188.988,0.012
190,11304,"0x2C28",16,189.965,0.035,189.965,0.035
191,11321,"0x2C39",17,191.002,-0.002,191.002,-0.002
192,11337,"0x2C49",16,191.979,0.021,191.979,0.021
193,11354,"0x2C5A",17,193.017,-0.017,193.017,-0.017
194,11370,"0x2C6A",16,193.993,0.007,193.993,0.007
195,11386,"0x2C7A",16,194.970,0.030,194.970,0.030
196,11403,"0x2C8B",17,196.008,-0.008,196.008,-0.008
197,11419,"0x2C9B",16,196.984,0.016,196.984,0.016
198,11436,"0x2CAC",17,198.022,-0.022,198.022,-0.022
199,11452,"0x2CBC",16,198.999,0.001,198.999,0.001
200,11468,"0x2CCC",16,199.976,0.024,199.976,0.024
201,11485,"0x2CDD",17,201.013,-0.013,201.013,-0.013
202,11501,"0x2CED",16,201.990,0.010,201.990,0.010
203,11517,"0x2CFD",16,202.967,0.033,202.967,0.033
204,11534,"0x2D0E",17,204.004,-0.004,204.004,-0.004
205,11550,"0x2D1E",16,204.981,0.019,204.981,0.019
206,11567,"0x2D2F",17,206.019,-0.019,206.019,-0.019
207,11583,"0x2D3F",16,206.995,0.005,206.995,0.005
208,11599,"0x2D4F",16,207.972,0.028,207.972,0.028
209,11616,"0x2D60",17,209.010,-0.010,209.010,-0.010
210,11632,"0x2D70",16,209.987,0.013,209.987,0.013
211,11649,"0x2D81",17,211.024,-0.024,211.024,-0.024
212,11665,"0x2D91",16,212.001,-0.001,212.001,-0.001
213,11681,"0x2DA1",16,212.978,0.022,212.978,0.022
214,11698,"0x2DB2",17,214.015,-0.015,214.015,-0.015
215,11714,"0x2DC2",16,214.992,0.008,214.992,0.008
216,11730,"0x2DD2",16,215.969,0.031,215.969,0.031
217,11747,"0x2DE3",17,217.006,-0.006,217.006,-0.006
218,11763,"0x2DF3",16,217.983,0.017,217.983,0.017
219,11780,"0x2E04",17,219.021,-0.021,219.021,-0.021
220,11796,"0x2E14",16,219.998,0.002,219.998,0.002
221,11812,"0x2E24",16,220.974,0.026,220.974,0.026
222,11829,"0x2E35",17,222.012,-0.012,222.012,-0.012
223,11845,"0x2E45",16,222.989,0.011,222.989,0.011
224,11862,"0x2E56",17,224.026,-0.026,224.026,-0.026
225,11878,"0x2E66",16,225.003,-0.003,225.003,-0.003
226,11894,"0x2E76",16,225.980,0.020,225.980,0.020
227,11911,"0x2E87",17,227.017,-0.017,227.017,-0.017
228,11927,"0x2E97",16,227.994,0.006,227.994,0.006
229,11943,"0x2EA7",16,228.971,0.029,228.971,0.029
230,11960,"0x2EB8",17,230.009,-0.009,230.009,-0.009
231,11976,"0x2EC8",16,230.985,0.015,230.985,0.015
232,11993,"0x2ED9",17,232.023,-0.023,232.023,-0.023
233,12009,"0x2EE9",16,233.000,0.000,233.000,0.000
234,12025,"0x2EF9",16,233.976,0.024,233.976,0.024
235,12042,"0x2F0A",17,235.014,-0.014,235.014,-0.014
236,12058,"0x2F1A",16,235.991,0.009,235.991,0.009
237,12075,"0x2F2B",17,237.028,-0.028,237.028,-0.028
238,12091,"0x2F3B",16,238.005,-0.005,238.005,-0.005
239,12107,"0x2F4B",16,238.982,0.018,238.982,0.018
240,12124,"0x2F5C",17,240.020,-0.020,240.020,-0.020
241,12140,"0x2F6C",16,240.996,0.004,240.996,0.004
242,12156,"0x2F7C",16,241.973,0.027,241.973,0.027
243,12173,"0x2F8D",17,243.011,-0.011,243.011,-0.011
244,12189,"0x2F9D",16,243.987,0.013,243.987,0.013
245,12206,"0x2FAE",17,245.025,-0.025,245.025,-0.025
246,12222,"0x2FBE",16,246.002,-0.002,246.002,-0.002
247,12238,"0x2FCE",16,246.978,0.022,246.978,0.022
248,12255,"0x2FDF",17,248.016,-0.016,248.016,-0.016
249,12271,"0x2FEF",16,248.993,0.007,248.993,0.007
250,12287,"0x2FFF",16,249.969,0.031,249.969,0.031
251,12304,"0x3010",17,251.007,-0.007,251.007,-0.007
252,12320,"0x3020",16,251.984,0.016,251.984,0.016
253,12337,"0x3031",17,253.022,-0.022,253.022,-0.022
254,12353,"0x3041",16,253.998,0.002,253.998,0.002
255,12369,"0x3051",16,254.975,0.025,254.975,0.025
256,12386,"0x3062",17,256.013,-0.013,256.013,-0.013
257,12402,"0x3072",16,256.989,0.011,256.989,0.011
258,12419,"0x3083",17,258.027,-0.027,258.027,-0.027
259,12435,"0x3093",16,259.004,-0.004,259.004,-0.004
260,12451,"0x30A3",16,259.980,0.020,259.980,0.020
261,12468,"0x30B4",17,261.018,-0.018,261.018,-0.018
262,12484,"0x30C4",16,261.995,0.005,261.995,0.005
263,12500,"0x30D4",16,262.972,0.028,262.972,0.028
264,12517,"0x30E5",17,264.009,-0.009,264.009,-0.009
265,12533,"0x30F5",16,264.986,0.014,264.986,0.014
266,12550,"0x3106",17,266.024,-0.024,266.024,-0.024
267,12566,"0x3116",16,267.000,-0.000,267.000,-0.000
268,12582,"0x3126",16,267.977,0.023,267.977,0.023
269,12599,"0x3137",17,269.015,-0.015,269.015,-0.015
270,12615,"0x3147",16,269.991,0.009,269.991,0.009
271,12632,"0x3158",17,271.029,-0.029,271.029,-0.029
272,12648,"0x3168",16,272.006,-0.006,272.006,-0.006
273,12664,"0x3178",16,272.983,0.017,272.983,0.017
274,12681,"0x3189",17,274.020,-0.020,274.020,-0.020
275,12697,"0x3199",16,274.997,0.003,274.997,0.003
276,12713,"0x31A9",16,275.974,0.026,275.974,0.026
277,12730,"0x31BA",17,277.011,-0.011,277.011,-0.011
278,12746,"0x31CA",16,277.988,0.012,277.988,0.012
279,12763,"0x31DB",17,279.026,-0.026,279.026,-0.026
280,12779,"0x31EB",16,280.002,-0.002,280.002,-0.002
281,12795,"0x31FB",16,280.979,0.021,280.979,0.021
282,12812,"0x320C",17,282.017,-0.017,282.017,-0.017
283,12828,"0x321C",16,282.994,0.006,282.994,0.006
284,12845,"0x322D",17,284.031,-0.031,284.031,-0.031
285,12861,"0x323D",16,285.008,-0.008,285.008,-0.008
286,12877,"0x324D",16,285.985,0.015,285.985,0.015
287,12894,"0x325E",17,287.022,-0.022,287.022,-0.022
288,12910,"0x326E",16,287.999,0.001,287.999,0.001
289,12926,"0x327E",16,288.976,0.024,288.976,0.024
290,12943,"0x328F",17,290.013,-0.013,290.013,-0.013
291,12959,"0x329F",16,290.990,0.010,290.990,0.010
292,12976,"0x32B0",17,292.028,-0.028,292.028,-0.028
293,12992,"0x32C0",16,293.005,-0.005,293.005,-0.005
294,13008,"0x32D0",16,293.981,0.019,293.981,0.019
295,13025,"0x32E1",17,295.019,-0.019,295.019,-0.019
296,13041,"0x32F1",16,295.996,0.004,295.996,0.004
297,13058,"0x3302",17,297.033,-0.033,297.033,-0.033
298,13074,"0x3312",16,298.010,-0.010,298.010,-0.010
299,13090,"0x3322",16,298.987,0.013,298.987,0.013
300,13107,"0x3333",17,300.024,-0.024,300.024,-0.024
301,13123,"0x3343",16,301.001,-0.001,301.001,-0.001
302,13139,"0x3353",16,301.978,0.022,301.978,0.022
303,13156,"0x3364",17,303.016,-0.016,303.016,-0.016
304,13172,"0x3374",16,303.992,0.008,303.992,0.008
305,13189,"0x3385",17,305.030,-0.030,305.030,-0.030
306,13205,"0x3395",16,306.007,-0.007,306.007,-0.007
307,13221,"0x33A5",16,306.983,0.017,306.983,0.017
308,13238,"0x33B6",17,308.021,-0.021,308.021,-0.021
309,13254,"0x33C6",16,308.998,0.002,308.998,0.002
310,13271,"0x33D7",17,310.035,-0.035,310.035,-0.035
311,13287,"0x33E7",16,311.012,-0.012,311.012,-0.012
312,13303,"0x33F7",16,311.989,0.011,311.989,0.011
313,13320,"0x3408",17,313.026,-0.026,313.026,-0.026
314,13336,"0x3418",16,314.003,-0.003,314.003,-0.003
315,13352,"0x3428",16,314.980,0.020,314.980,0.020
316,13369,"0x3439",17,316.018,-0.018,316.018,-0.018
317,13385,"0x3449",16,316.994,0.006,316.994,0.006
318,13402,"0x345A",17,318.032,-0.032,318.032,-0.032
319,13418,"0x346A",16,319.009,-0.009,319.009,-0.009
320,13434,"0x347A",16,319.985,0.015,319.985,0.015
321,13451,"0x348B",17,321.023,-0.023,321.023,-0.023
322,13467,"0x349B",16,322.000,0.000,322.000,0.000
323,13484,"0x34AC",17,323.037,-0.037,323.037,-0.037
324,13500,"0x34BC",16,324.014,-0.014,324.014,-0.014
325,13516,"0x34CC",16,324.991,0.009,324.991,0.009
326,13533,"0x34DD",17,326.029,-0.029,326.029,-0.029
327,13549,"0x34ED",16,327.005,-0.005,327.005,-0.005
328,13565,"0x34FD",16,327.982,0.018,327.982,0.018
329,13582,"0x350E",17,329.020,-0.020,329.020,-0.020
330,13598,"0x351E",16,329.996,0.004,329.996,0.004
331,13615,"0x352F",17,331.034,-0.034,331.034,-0.034
332,13631,"0x353F",16,332.011,-0.011,332.011,-0.011
333,13647,"0x354F",16,332.987,0.013,332.987,0.013
334,13664,"0x3560",17,334.025,-0.025,334.025,-0.025
335,13680,"0x3570",16,335.002,-0.002,335.002,-0.002
336,13697,"0x3581",17,336.040,-0.040,336.040,-0.040
337,13713,"0x3591",16,337.016,-0.016,337.016,-0.016
338,13729,"0x35A1",16,337.993,0.007,337.993,0.007
339,13746,"0x35B2",17,339.031,-0.031,339.031,-0.031
340,13762,"0x35C2",16,340.007,-0.007,340.007,-0.007
341,13778,"0x35D2",16,340.984,0.016,340.984,0.016
342,13795,"0x35E3",17,342.022,-0.022,342.022,-0.022
343,13811,"0x35F3",16,342.998,0.002,342.998,0.002
344,13828,"0x3604",17,344.036,-0.036,344.036,-0.036
345,13844,"0x3614",16,345.013,-0.013,345.013,-0.013
346,13860,"0x3624",16,345.990,0.010,345.990,0.010
347,13877,"0x3635",17,347.027,-0.027,347.027,-0.027
348,13893,"0x3645",16,348.004,-0.004,348.004,-0.004
349,13910,"0x3656",17,349.042,-0.042,349.042,-0.042
350,13926,"0x3666",16,350.018,-0.018,350.018,-0.018
351,13942,"0x3676",16,350.995,0.005,350.995,0.005
352,13959,"0x3687",17,352.033,-0.033,352.033,-0.033
353,13975,"0x3697",16,353.009,-0.009,353.009,-0.009
354,13991,"0x36A7",16,353.986,0.014,353.986,0.014
355,14008,"0x36B8",17,355.024,-0.024,355.024,-0.024
356,14024,"0x36C8",16,356.000,-0.000,356.000,-0.000
357,14041,"0x36D9",17,357.038,-0.038,357.038,-0.038
358,14057,"0x36E9",16,358.015,-0.015,358.015,-0.015
359,14073,"0x36F9",16,358.992,0.008,358.992,0.008
360,14090,"0x370A",17,360.029,-0.029,360.029,-0.029
361,14106,"0x371A",16,361.006,-0.006,361.006,-0.006
362,14123,"0x372B",17,362.044,-0.044,362.044,-0.044
363,14139,"0x373B",16,363.020,-0.020,363.020,-0.020
364,14155,"0x374B",16,363.997,0.003,363.997,0.003
365,14172,"0x375C",17,365.035,-0.035,365.035,-0.035
366,14188,"0x376C",16,366.011,-0.011,366.011,-0.011
367,14204,"0x377C",16,366.988,0.012,366.988,0.012
368,14221,"0x378D",17,368.026,-0.026,368.026,-0.026
369,14237,"0x379D",16,369.003,-0.003,369.003,-0.003
370,14254,"0x37AE",17,370.040,-0.040,370.040,-0.040
371,14270,"0x37BE",16,371.017,-0.017,371.017,-0.017
372,14286,"0x37CE",16,371.994,0.006,371.994,0.006
373,14303,"0x37DF",17,373.031,-0.031,373.031,-0.031
374,14319,"0x37EF",16,374.008,-0.008,374.008,-0.008
375,14335,"0x37FF",16,374.985,0.015,374.985,0.015
376,14352,"0x3810",17,376.022,-0.022,376.022,-0.022
377,14368,"0x3820",16,376.999,0.001,376.999,0.001
378,14385,"0x3831",17,378.037,-0.037,378.037,-0.037
379,14401,"0x3841",16,379.014,-0.014,379.014,-0.014
380,14417,"0x3851",16,379.990,0.010,379.990,0.010
381,14434,"0x3862",17,381.028,-0.028,381.028,-0.028
382,14450,"0x3872",16,382.005,-0.005,382.005,-0.005
383,14467,"0x3883",17,383.042,-0.042,383.042,-0.042
384,14483,"0x3893",16,384.019,-0.019,384.019,-0.019
385,14499,"0x38A3",16,384.996,0.004,384.996,0.004
386,14516,"0x38B4",17,386.033,-0.033,386.033,-0.033
387,14532,"0x38C4",16,387.010,-0.010,387.010,-0.010
388,14548,"0x38D4",16,387.987,0.013,387.987,0.013
389,14565,"0x38E5",17,389.025,-0.025,389.025,-0.025
390,14581,"0x38F5",16,390.001,-0.001,390.001,-0.001
391,14598,"0x3906",17,391.039,-0.039,391.039,-0.039
392,14614,"0x3916",16,392.016,-0.016,392.016,-0.016
393,14630,"0x3926",16,392.992,0.008,392.992,0.008
394,14647,"0x3937",17,394.030,-0.030,394.030,-0.030
395,14663,"0x3947",16,395.007,-0.007,395.007,-0.007
396,14680,"0x3958",17,396.044,-0.044,396.044,-0.044
397,14696,"0x3968",16,397.021,-0.021,397.021,-0.021
398,14712,"0x3978",16,397.998,0.002,397.998,0.002
399,14729,"0x3989",17,399.036,-0.036,399.036,-0.036
400,14745,"0x3999",16,400.012,-0.012,400.012,-0.012
401,14761,"0x39A9",16,400.989,0.011,400.989,0.011
402,14778,"0x39BA",17,402.027,-0.027,402.027,-0.027
403,14794,"0x39CA",16,403.003,-0.003,403.003,-0.003
404,14811,"0x39DB",17,404.041,-0.041,404.041,-0.041
405,14827,"0x39EB",16,405.018,-0.018,405.018,-0.018
406,14843,"0x39FB",16,405.994,0.006,405.994,0.006
407,14860,"0x3A0C",17,407.032,-0.032,407.032,-0.032
408,14876,"0x3A1C",16,408.009,-0.009,408.009,-0.009
409,14893,"0x3A2D",17,409.047,-0.047,409.047,-0.047
410,14909,"0x3A3D",16,410.023,-0.023,410.023,-0.023
411,14925,"0x3A4D",16,411.000,0.000,411.000,0.000
412,14942,"0x3A5E",17,412.038,-0.038,412.038,-0.038
413,14958,"0x3A6E",16,413.014,-0.014,413.014,-0.014
414,14974,"0x3A7E",16,413.991,0.009,413.991,0.009
415,14991,"0x3A8F",17,415.029,-0.029,415.029,-0.029
416,15007,"0x3A9F",16,416.005,-0.005,416.005,-0.005
417,15024,"0x3AB0",17,417.043,-0.043,417.043,-0.043
418,15040,"0x3AC0",16,418.020,-0.020,418.020,-0.020
419,15056,"0x3AD0",16,418.996,0.004,418.996,0.004
420,15073,"0x3AE1",17,420.034,-0.034,420.034,-0.034
421,15089,"0x3AF1",16,421.011,-0.011,421.011,-0.011
422,15106,"0x3B02",17,422.049,-0.049,422.049,-0.049
423,15122,"0x3B12",16,423.025,-0.025,423.025,-0.025
424,15138,"0x3B22",16,424.002,-0.002,424.002,-0.002
425,15155,"0x3B33",17,425.040,-0.040,425.040,-0.040
426,15171,"0x3B43",16,426.016,-0.016,426.016,-0.016
427,15187,"0x3B53",16,426.993,0.007,426.993,0.007
428,15204,"0x3B64",17,428.031,-0.031,428.031,-0.031
429,15220,"0x3B74",16,429.007,-0.007,429.007,-0.007
430,15237,"0x3B85",17,430.045,-0.045,430.045,-0.045
431,15253,"0x3B95",16,431.022,-0.022,431.022,-0.022
432,15269,"0x3BA5",16,431.999,0.001,431.999,0.001
433,15286,"0x3BB6",17,433.036,-0.036,433.036,-0.036
434,15302,"0x3BC6",16,434.013,-0.013,434.013,-0.013
435,15319,"0x3BD7",17,435.051,-0.051,435.051,-0.051
436,15335,"0x3BE7",16,436.027,-0.027,436.027,-0.027
437,15351,"0x3BF7",16,437.004,-0.004,437.004,-0.004
438,15368,"0x3C08",17,438.042,-0.042,438.042,-0.042
439,15384,"0x3C18",16,439.018,-0.018,439.018,-0.018
440,15400,"0x3C28",16,439.995,0.005,439.995,0.005
441,15417,"0x3C39",17,441.033,-0.033,441.033,-0.033
442,15433,"0x3C49",16,442.010,-0.010,442.010,-0.010
443,15450,"0x3C5A",17,443.047,-0.047,443.047,-0.047
444,15466,"0x3C6A",16,444.024,-0.024,444.024,-0.024
445,15482,"0x3C7A",16,445.001,-0.001,445.001,-0.001
446,15499,"0x3C8B",17,446.038,-0.038,446.038,-0.038
447,15515,"0x3C9B",16,447.015,-0.015,447.015,-0.015
448,15532,"0x3CAC",17,448.053,-0.053,448.053,-0.053
449,15548,"0x3CBC",16,449.029,-0.029,449.029,-0.029
450,15564,"0x3CCC",16,450.006,-0.006,450.006,-0.006
451,15581,"0x3CDD",17,451.044,-0.044,451.044,-0.044
452,15597,"0x3CED",16,452.021,-0.021,452.021,-0.021
453,15613,"0x3CFD",16,452.997,0.003,452.997,0.003
454,15630,"0x3D0E",17,454.035,-0.035,454.035,-0.035
455,15646,"0x3D1E",16,455.012,-0.012,455.012,-0.012
456,15663,"0x3D2F",17,456.049,-0.049,456.049,-0.049
457,15679,"0x3D3F",16,457.026,-0.026,457.026,-0.026
458,15695,"0x3D4F",16,458.003,-0.003,458.003,-0.003
459,15712,"0x3D60",17,459.040,-0.040,459.040,-0.040
460,15728,"0x3D70",16,460.017,-0.017,460.017,-0.017
461,15745,"0x3D81",17,461.055,-0.055,461.055,-0.055
462,15761,"0x3D91",16,462.031,-0.031,462.031,-0.031
463,15777,"0x3DA1",16,463.008,-0.008,463.008,-0.008
464,15794,"0x3DB2",17,464.046,-0.046,464.046,-0.046
465,15810,"0x3DC2",16,465.023,-0.023,465.023,-0.023
466,15826,"0x3DD2",16,465.999,0.001,465.999,0.001
467,15843,"0x3DE3",17,467.037,-0.037,467.037,-0.037
468,15859,"0x3DF3",16,468.014,-0.014,468.014,-0.014
469,15876,"0x3E04",17,469.051,-0.051,469.051,-0.051
470,15892,"0x3E14",16,470.028,-0.028,470.028,-0.028
471,15908,"0x3E24",16,471.005,-0.005,471.005,-0.005
472,15925,"0x3E35",17,472.042,-0.042,472.042,-0.042
473,15941,"0x3E45",16,473.019,-0.019,473.019,-0.019
474,15958,"0x3E56",17,474.057,-0.057,474.057,-0.057
475,15974,"0x3E66",16,475.034,-0.034,475.034,-0.034
476,15990,"0x3E76",16,476.010,-0.010,476.010,-0.010
477,16007,"0x3E87",17,477.048,-0.048,477.048,-0.048
478,16023,"0x3E97",16,478.025,-0.025,478.025,-0.025
479,16039,"0x3EA7",16,479.001,-0.001,479.001,-0.001
480,16056,"0x3EB8",17,480.039,-0.039,480.039,-0.039
481,16072,"0x3EC8",16,481.016,-0.016,481.016,-0.016
482,16089,"0x3ED9",17,482.053,-0.053,482.053,-0.053
483,16105,"0x3EE9",16,483.030,-0.030,483.030,-0.030
484,16121,"0x3EF9",16,484.007,-0.007,484.007,-0.007
485,16138,"0x3F0A",17,485.045,-0.045,485.045,-0.045
486,16154,"0x3F1A",16,486.021,-0.021,486.021,-0.021
487,16171,"0x3F2B",17,487.059,-0.059,487.059,-0.059
488,16187,"0x3F3B",16,488.036,-0.036,488.036,-0.036
489,16203,"0x3F4B",16,489.012,-0.012,489.012,-0.012
490,16220,"0x3F5C",17,490.050,-0.050,490.050,-0.050
491,16236,"0x3F6C",16,491.027,-0.027,491.027,-0.027
492,16252,"0x3F7C",16,492.003,-0.003,492.003,-0.003
493,16269,"0x3F8D",17,493.041,-0.041,493.041,-0.041
494,16285,"0x3F9D",16,494.018,-0.018,494.018,-0.018
495,16302,"0x3FAE",17,495.056,-0.056,495.056,-0.056
496,16318,"0x3FBE",16,496.032,-0.032,496.032,-0.032
497,16334,"0x3FCE",16,497.009,-0.009,497.009,-0.009
498,16351,"0x3FDF",17,498.047,-0.047,498.047,-0.047
499,16367,"0x3FEF",16,499.023,-0.023,499.023,-0.023
500,16383,"0x3FFF",16,500.000,0.000,500.000,0.000
"Max Deviation",,,17,,0.120,,0.061
