Pitch Offset,Pitch Bend,Pitch Bend Hex,Delta Pitch Bend,Linear Pitch Offset,Linear Pitch Offset Delta,Piecewise Pitch Offset,Piecewise Pitch Offset Delta
-500,0,"0x0000",0,-500.000,0.000,-500.000,0.000
-499,4456448,"0x440000",4456448,-498.962,-0.038,-498.962,-0.038
-498,8650752,"0x840000",4194304,-497.986,-0.014,-497.986,-0.014
-497,13107200,"0xC80000",4456448,-496.948,-0.052,-496.948,-0.052
-496,17301504,"0x1080000",4194304,-495.972,-0.028,-495.972,-0.028
-495,21495808,"0x1480000",4194304,-494.995,-0.005,-494.995,-0.005
-494,25952256,"0x18C0000",4456448,-493.958,-0.042,-493.958,-0.042
-493,30146560,"0x1CC0000",4194304,-492.981,-0.019,-492.981,-0.019
-492,34603008,"0x2100000",4456448,-491.943,-0.057,-491.943,-0.057
-491,38797312,"0x2500000",4194304,-490.967,-0.033,-490.967,-0.033
-490,42991616,"0x2900000",4194304,-489.990,-0.010,-489.990,-0.010
-489,47448064,"0x2D40000",4456448,-488.953,-0.047,-488.953,-0.047
-488,51642368,"0x3140000",4194304,-487.976,-0.024,-487.976,-0.024
-487,55836672,"0x3540000",4194304,-487.000,-0.000,-487.000,-0.000
-486,60293120,"0x3980000",4456448,-485.962,-0.038,-485.962,-0.038
-485,64487424,"0x3D80000",4194304,-484.985,-0.015,-484.985,-0.015
-484,68943872,"0x41C0000",4456448,-483.948,-0.052,-483.948,-0.052
-483,73138176,"0x45C0000",4194304,-482.971,-0.029,-482.971,-0.029
-482,77332480,"0x49C0000",4194304,-481.995,-0.005,-481.995,-0.005
-481,81788928,"0x4E00000",4456448,-480.957,-0.043,-480.957,-0.043
-480,85983232,"0x5200000",4194304,-479.980,-0.020,-479.980,-0.020
-479,90439680,"0x5640000",4456448,-478.943,-0.057,-478.943,-0.057
-478,94633984,"0x5A40000",4194304,-477.966,-0.034,-477.966,-0.034
-477,98828288,"0x5E40000",4194304,-476.990,-0.010,-476.990,-0.010
-476,103284736,"0x6280000",4456448,-475.952,-0.048,-475.952,-0.048
-475,107479040,"0x6680000",4194304,-474.976,-0.024,-474.976,-0.024
-474,111673344,"0x6A80000",4194304,-473.999,-0.001,-473.999,-0.001
-473,116129792,"0x6EC0000",4456448,-472.961,-0.039,-472.961,-0.039
-472,120324096,"0x72C0000",4194304,-471.985,-0.015,-471.985,-0.015
-471,124780544,"0x7700000",4456448,-470.947,-0.053,-470.947,-0.053
-470,128974848,"0x7B00000",4194304,-469.971,-0.029,-469.971,-0.029
-469,133169152,"0x7F00000",4194304,-468.994,-0.006,-468.994,-0.006
-468,137625600,"0x8340000",4456448,-467.957,-0.043,-467.957,-0.043
-467,141819904,"0x8740000",4194304,-466.980,-0.020,-466.980,-0.020
-466,146276352,"0x8B80000",4456448,-465.942,-0.058,-465.942,-0.058
-465,150470656,"0x8F80000",4194304,-464.966,-0.034,-464.966,-0.034
-464,154664960,"0x9380000",4194304,-463.989,-0.011,-463.989,-0.011
-463,159121408,"0x97C0000",4456448,-462.952,-0.048,-462.952,-0.048
-462,163315712,"0x9BC0000",4194304,-461.975,-0.025,-461.975,-0.025
-461,167510016,"0x9FC0000",4194304,-460.999,-0.001,-460.999,-0.001
-460,171966464,"0xA400000",4456448,-459.961,-0.039,-459.961,-0.039
-459,176160768,"0xA800000",4194304,-458.984,-0.016,-458.984,-0.016
-458,180617216,"0xAC40000",4456448,-457.947,-0.053,-457.947,-0.053
-457,184811520,"0xB040000",4194304,-456.970,-0.030,-456.970,-0.030
-456,189005824,"0xB440000",4194304,-455.994,-0.006,-455.994,-0.006
-455,193462272,"0xB880000",4456448,-454.956,-0.044,-454.956,-0.044
-454,197656576,"0xBC80000",4194304,-453.979,-0.021,-453.979,-0.021
-453,202113024,"0xC0C0000",4456448,-452.942,-0.058,-452.942,-0.058
-452,206307328,"0xC4C0000",4194304,-451.965,-0.035,-451.965,-0.035
-451,210501632,"0xC8C0000",4194304,-450.989,-0.011,-450.989,-0.011
-450,214958080,"0xCD00000",4456448,-449.951,-0.049,-449.951,-0.049
-449,219152384,"0xD100000",4194304,-448.975,-0.025,-448.975,-0.025
-448,223346688,"0xD500000",4194304,-447.998,-0.002,-447.998,-0.002
-447,227803136,"0xD940000",4456448,-446.960,-0.040,-446.960,-0.040
-446,231997440,"0xDD40000",4194304,-445.984,-0.016,-445.984,-0.016
-445,236453888,"0xE180000",4456448,-444.946,-0.054,-444.946,-0.054
-444,240648192,"0xE580000",4194304,-443.970,-0.030,-443.970,-0.030
-443,244842496,"0xE980000",4194304,-442.993,-0.007,-442.993,-0.007
-442,249298944,"0xEDC0000",4456448,-441.956,-0.044,-441.956,-0.044
-441,253493248,"0xF1C0000",4194304,-440.979,-0.021,-440.979,-0.021
-440,257949696,"0xF600000",4456448,-439.941,-0.059,-439.941,-0.059
-439,262144000,"0xFA00000",4194304,-438.965,-0.035,-438.965,-0.035
-438,266338304,"0xFE00000",4194304,-437.988,-0.012,-437.988,-0.012
-437,270794752,"0x10240000",4456448,-436.951,-0.049,-436.951,-0.049
-436,274989056,"0x10640000",4194304,-435.974,-0.026,-435.974,-0.026
-435,279183360,"0x10A40000",4194304,-434.998,-0.002,-434.998,-0.002
-434,283639808,"0x10E80000",4456448,-433.960,-0.040,-433.960,-0.040
-433,287834112,"0x11280000",4194304,-432.983,-0.017,-432.983,-0.017
-432,292290560,"0x116C0000",4456448,-431.946,-0.054,-431.946,-0.054
-431,296484864,"0x11AC0000",4194304,-430.969,-0.031,-430.969,-0.031
-430,300679168,"0x11EC0000",4194304,-429.993,-0.007,-429.993,-0.007
-429,305135616,"0x12300000",4456448,-428.955,-0.045,-428.955,-0.045
-428,309329920,"0x12700000",4194304,-427.979,-0.021,-427.979,-0.021
-427,313786368,"0x12B40000",4456448,-426.941,-0.059,-426.941,-0.059
-426,317980672,"0x12F40000",4194304,-425.964,-0.036,-425.964,-0.036
-425,322174976,"0x13340000",4194304,-424.988,-0.012,-424.988,-0.012
-424,326631424,"0x13780000",4456448,-423.950,-0.050,-423.950,-0.050
-423,330825728,"0x13B80000",4194304,-422.974,-0.026,-422.974,-0.026
-422,335020032,"0x13F80000",4194304,-421.997,-0.003,-421.997,-0.003
-421,339476480,"0x143C0000",4456448,-420.959,-0.041,-420.959,-0.041
-420,343670784,"0x147C0000",4194304,-419.983,-0.017,-419.983,-0.017
-419,348127232,"0x14C00000",4456448,-418.945,-0.055,-418.945,-0.055
-418,352321536,"0x15000000",4194304,-417.969,-0.031,-417.969,-0.031
-417,356515840,"0x15400000",4194304,-416.992,-0.008,-416.992,-0.008
-416,360972288,"0x15840000",4456448,-415.955,-0.045,-415.955,-0.045
-415,365166592,"0x15C40000",4194304,-414.978,-0.022,-414.978,-0.022
-414,369623040,"0x16080000",4456448,-413.940,-0.060,-413.940,-0.060
-413,373817344,"0x16480000",4194304,-412.964,-0.036,-412.964,-0.036
-412,378011648,"0x16880000",4194304,-411.987,-0.013,-411.987,-0.013
-411,382468096,"0x16CC0000",4456448,-410.950,-0.050,-410.950,-0.050
-410,386662400,"0x170C0000",4194304,-409.973,-0.027,-409.973,-0.027
-409,390856704,"0x174C0000",4194304,-408.997,-0.003,-408.997,-0.003
-408,395313152,"0x17900000",4456448,-407.959,-0.041,-407.959,-0.041
-407,399507456,"0x17D00000",4194304,-406.982,-0.018,-406.982,-0.018
-406,403963904,"0x18140000",4456448,-405.945,-0.055,-405.945,-0.055
-405,408158208,"0x18540000",4194304,-404.968,-0.032,-404.968,-0.032
-404,412352512,"0x18940000",4194304,-403.992,-0.008,-403.992,-0.008
-403,416808960,"0x18D80000",4456448,-402.954,-0.046,-402.954,-0.046
-402,421003264,"0x19180000",4194304,-401.978,-0.022,-401.978,-0.022
-401,425459712,"0x195C0000",4456448,-400.940,-0.060,-400.940,-0.060
-400,429654016,"0x199C0000",4194304,-399.963,-0.037,-399.963,-0.037
-399,433848320,"0x19DC0000",4194304,-398.987,-0.013,-398.987,-0.013
-398,438304768,"0x1A200000",4456448,-397.949,-0.051,-397.949,-0.051
-397,442499072,"0x1A600000",4194304,-396.973,-0.027,-396.973,-0.027
-396,446693376,"0x1AA00000",4194304,-395.996,-0.004,-395.996,-0.004
-395,451149824,"0x1AE40000",4456448,-394.958,-0.042,-394.958,-0.042
-394,455344128,"0x1B240000",4194304,-393.982,-0.018,-393.982,-0.018
-393,459800576,"0x1B680000",4456448,-392.944,-0.056,-392.944,-0.056
-392,463994880,"0x1BA80000",4194304,-391.968,-0.032,-391.968,-0.032
-391,468189184,"0x1BE80000",4194304,-390.991,-0.009,-390.991,-0.009
-390,472645632,"0x1C2C0000",4456448,-389.954,-0.046,-389.954,-0.046
-389,476839936,"0x1C6C0000",4194304,-388.977,-0.023,-388.977,-0.023
-388,481296384,"0x1CB00000",4456448,-387.939,-0.061,-387.939,-0.061
-387,485490688,"0x1CF00000",4194304,-386.963,-0.037,-386.963,-0.037
-386,489684992,"0x1D300000",4194304,-385.986,-0.014,-385.986,-0.014
-385,494141440,"0x1D740000",4456448,-384.949,-0.051,-384.949,-0.051
-384,498335744,"0x1DB40000",4194304,-383.972,-0.028,-383.972,-0.028
-383,502530048,"0x1DF40000",4194304,-382.996,-0.004,-382.996,-0.004
-382,506986496,"0x1E380000",4456448,-381.958,-0.042,-381.958,-0.042
-381,511180800,"0x1E780000",4194304,-380.981,-0.019,-380.981,-0.019
-380,515637248,"0x1EBC0000",4456448,-379.944,-0.056,-379.944,-0.056
-379,519831552,"0x1EFC0000",4194304,-378.967,-0.033,-378.967,-0.033
-378,524025856,"0x1F3C0000",4194304,-377.991,-0.009,-377.991,-0.009
-377,528482304,"0x1F800000",4456448,-376.953,-0.047,-376.953,-0.047
-376,532676608,"0x1FC00000",4194304,-375.977,-0.023,-375.977,-0.023
-375,536870912,"0x20000000",4194304,-375.000,0.000,-375.000,0.000
-374,541327360,"0x20440000",4456448,-373.962,-0.038,-373.962,-0.038
-373,545521664,"0x20840000",4194304,-372.986,-0.014,-372.986,-0.014
-372,549978112,"0x20C80000",4456448,-371.948,-0.052,-371.948,-0.052
-371,554172416,"0x21080000",4194304,-370.972,-0.028,-370.972,-0.028
-370,558366720,"0x21480000",4194304,-369.995,-0.005,-369.995,-0.005
-369,562823168,"0x218C0000",4456448,-368.958,-0.042,-368.958,-0.042
-368,567017472,"0x21CC0000",4194304,-367.981,-0.019,-367.981,-0.019
-367,571473920,"0x22100000",4456448,-366.943,-0.057,-366.943,-0.057
-366,575668224,"0x22500000",4194304,-365.967,-0.033,-365.967,-0.033
-365,579862528,"0x22900000",4194304,-364.990,-0.010,-364.990,-0.010
-364,584318976,"0x22D40000",4456448,-363.953,-0.047,-363.953,-0.047
-363,588513280,"0x23140000",4194304,-362.976,-0.024,-362.976,-0.024
-362,592707584,"0x23540000",4194304,-362.000,-0.000,-362.000,-0.000
-361,597164032,"0x23980000",4456448,-360.962,-0.038,-360.962,-0.038
-360,601358336,"0x23D80000",4194304,-359.985,-0.015,-359.985,-0.015
-359,605814784,"0x241C0000",4456448,-358.948,-0.052,-358.948,-0.052
-358,610009088,"0x245C0000",4194304,-357.971,-0.029,-357.971,-0.029
-357,614203392,"0x249C0000",4194304,-356.995,-0.005,-356.995,-0.005
-356,618659840,"0x24E00000",4456448,-355.957,-0.043,-355.957,-0.043
-355,622854144,"0x25200000",4194304,-354.980,-0.020,-354.980,-0.020
-354,627310592,"0x25640000",4456448,-353.943,-0.057,-353.943,-0.057
-353,631504896,"0x25A40000",4194304,-352.966,-0.034,-352.966,-0.034
-352,635699200,"0x25E40000",4194304,-351.990,-0.010,-351.990,-0.010
-351,640155648,"0x26280000",4456448,-350.952,-0.048,-350.952,-0.048
-350,644349952,"0x26680000",4194304,-349.976,-0.024,-349.976,-0.024
-349,648544256,"0x26A80000",4194304,-348.999,-0.001,-348.999,-0.001
-348,653000704,"0x26EC0000",4456448,-347.961,-0.039,-347.961,-0.039
-347,657195008,"0x272C0000",4194304,-346.985,-0.015,-346.985,-0.015
-346,661651456,"0x27700000",4456448,-345.947,-0.053,-345.947,-0.053
-345,665845760,"0x27B00000",4194304,-344.971,-0.029,-344.971,-0.029
-344,670040064,"0x27F00000",4194304,-343.994,-0.006,-343.994,-0.006
-343,674496512,"0x28340000",4456448,-342.957,-0.043,-342.957,-0.043
-342,678690816,"0x28740000",4194304,-341.980,-0.020,-341.980,-0.020
-341,683147264,"0x28B80000",4456448,-340.942,-0.058,-340.942,-0.058
-340,687341568,"0x28F80000",4194304,-339.966,-0.034,-339.966,-0.034
-339,691535872,"0x29380000",4194304,-338.989,-0.011,-338.989,-0.011
-338,695992320,"0x297C0000",4456448,-337.952,-0.048,-337.952,-0.048
-337,700186624,"0x29BC0000",4194304,-336.975,-0.025,-336.975,-0.025
-336,704380928,"0x29FC0000",4194304,-335.999,-0.001,-335.999,-0.001
-335,708837376,"0x2A400000",4456448,-334.961,-0.039,-334.961,-0.039
-334,713031680,"0x2A800000",4194304,-333.984,-0.016,-333.984,-0.016
-333,717488128,"0x2AC40000",4456448,-332.947,-0.053,-332.947,-0.053
-332,721682432,"0x2B040000",4194304,-331.970,-0.030,-331.970,-0.030
-331,725876736,"0x2B440000",4194304,-330.994,-0.006,-330.994,-0.006
-330,730333184,"0x2B880000",4456448,-329.956,-0.044,-329.956,-0.044
-329,734527488,"0x2BC80000",4194304,-328.979,-0.021,-328.979,-0.021
-328,738983936,"0x2C0C0000",4456448,-327.942,-0.058,-327.942,-0.058
-327,743178240,"0x2C4C0000",4194304,-326.965,-0.035,-326.965,-0.035
-326,747372544,"0x2C8C0000",4194304,-325.989,-0.011,-325.989,-0.011
-325,751828992,"0x2CD00000",4456448,-324.951,-0.049,-324.951,-0.049
-324,756023296,"0x2D100000",4194304,-323.975,-0.025,-323.975,-0.025
-323,760217600,"0x2D500000",4194304,-322.998,-0.002,-322.998,-0.002
-322,764674048,"0x2D940000",4456448,-321.960,-0.040,-321.960,-0.040
-321,768868352,"0x2DD40000",4194304,-320.984,-0.016,-320.984,-0.016
-320,773324800,"0x2E180000",4456448,-319.946,-0.054,-319.946,-0.054
-319,777519104,"0x2E580000",4194304,-318.970,-0.030,-318.970,-0.030
-318,781713408,"0x2E980000",4194304,-317.993,-0.007,-317.993,-0.007
-317,786169856,"0x2EDC0000",4456448,-316.956,-0.044,-316.956,-0.044
-316,790364160,"0x2F1C0000",4194304,-315.979,-0.021,-315.979,-0.021
-315,794820608,"0x2F600000",4456448,-314.941,-0.059,-314.941,-0.059
-314,799014912,"0x2FA00000",4194304,-313.965,-0.035,-313.965,-0.035
-313,803209216,"0x2FE00000",4194304,-312.988,-0.012,-312.988,-0.012
-312,807665664,"0x30240000",4456448,-311.951,-0.049,-311.951,-0.049
-311,811859968,"0x30640000",4194304,-310.974,-0.026,-310.974,-0.026
-310,816054272,"0x30A40000",4194304,-309.998,-0.002,-309.998,-0.002
-309,820510720,"0x30E80000",4456448,-308.960,-0.040,-308.960,-0.040
-308,824705024,"0x31280000",4194304,-307.983,-0.017,-307.983,-0.017
-307,829161472,"0x316C0000",4456448,-306.946,-0.054,-306.946,-0.054
-306,833355776,"0x31AC0000",4194304,-305.969,-0.031,-305.969,-0.031
-305,837550080,"0x31EC0000",4194304,-304.993,-0.007,-304.993,-0.007
-304,842006528,"0x32300000",4456448,-303.955,-0.045,-303.955,-0.045
-303,846200832,"0x32700000",4194304,-302.979,-0.021,-302.979,-0.021
-302,850657280,"0x32B40000",4456448,-301.941,-0.059,-301.941,-0.059
-301,854851584,"0x32F40000",4194304,-300.964,-0.036,-300.964,-0.036
-300,859045888,"0x33340000",4194304,-299.988,-0.012,-299.988,-0.012
-299,863502336,"0x33780000",4456448,-298.950,-0.050,-298.950,-0.050
-298,867696640,"0x33B80000",4194304,-297.974,-0.026,-297.974,-0.026
-297,871890944,"0x33F80000",4194304,-296.997,-0.003,-296.997,-0.003
-296,876347392,"0x343C0000",4456448,-295.959,-0.041,-295.959,-0.041
-295,880541696,"0x347C0000",4194304,-294.983,-0.017,-294.983,-0.017
-294,884998144,"0x34C00000",4456448,-293.945,-0.055,-293.945,-0.055
-293,889192448,"0x35000000",4194304,-292.969,-0.031,-292.969,-0.031
-292,893386752,"0x35400000",4194304,-291.992,-0.008,-291.992,-0.008
-291,897843200,"0x35840000",4456448,-290.955,-0.045,-290.955,-0.045
-290,902037504,"0x35C40000",4194304,-289.978,-0.022,-289.978,-0.022
-289,906493952,"0x36080000",4456448,-288.940,-0.060,-288.940,-0.060
-288,910688256,"0x36480000",4194304,-287.964,-0.036,-287.964,-0.036
-287,914882560,"0x36880000",4194304,-286.987,-0.013,-286.987,-0.013
-286,919339008,"0x36CC0000",4456448,-285.950,-0.050,-285.950,-0.050
-285,923533312,"0x370C0000",4194304,-284.973,-0.027,-284.973,-0.027
-284,927727616,"0x374C0000",4194304,-283.997,-0.003,-283.997,-0.003
-283,932184064,"0x37900000",4456448,-282.959,-0.041,-282.959,-0.041
-282,936378368,"0x37D00000",4194304,-281.982,-0.018,-281.982,-0.018
-281,940834816,"0x38140000",4456448,-280.945,-0.055,-280.945,-0.055
-280,945029120,"0x38540000",4194304,-279.968,-0.032,-279.968,-0.032
-279,949223424,"0x38940000",4194304,-278.992,-0.008,-278.992,-0.008
-278,953679872,"0x38D80000",4456448,-277.954,-0.046,-277.954,-0.046
-277,957874176,"0x39180000",4194304,-276.978,-0.022,-276.978,-0.022
-276,962330624,"0x395C0000",4456448,-275.940,-0.060,-275.940,-0.060
-275,966524928,"0x399C0000",4194304,-274.963,-0.037,-274.963,-0.037
-274,970719232,"0x39DC0000",4194304,-273.987,-0.013,-273.987,-0.013
-273,975175680,"0x3A200000",4456448,-272.949,-0.051,-272.949,-0.051
-272,979369984,"0x3A600000",4194304,-271.973,-0.027,-271.973,-0.027
-271,983564288,"0x3AA00000",4194304,-270.996,-0.004,-270.996,-0.004
-270,988020736,"0x3AE40000",4456448,-269.958,-0.042,-269.958,-0.042
-269,992215040,"0x3B240000",4194304,-268.982,-0.018,-268.982,-0.018
-268,996671488,"0x3B680000",4456448,-267.944,-0.056,-267.944,-0.056
-267,1000865792,"0x3BA80000",4194304,-266.968,-0.032,-266.968,-0.032
-266,1005060096,"0x3BE80000",4194304,-265.991,-0.009,-265.991,-0.009
-265,1009516544,"0x3C2C0000",4456448,-264.954,-0.046,-264.954,-0.046
-264,1013710848,"0x3C6C0000",4194304,-263.977,-0.023,-263.977,-0.023
-263,1018167296,"0x3CB00000",4456448,-262.939,-0.061,-262.939,-0.061
-262,1022361600,"0x3CF00000",4194304,-261.963,-0.037,-261.963,-0.037
-261,1026555904,"0x3D300000",4194304,-260.986,-0.014,-260.986,-0.014
-260,1031012352,"0x3D740000",4456448,-259.949,-0.051,-259.949,-0.051
-259,1035206656,"0x3DB40000",4194304,-258.972,-0.028,-258.972,-0.028
-258,1039400960,"0x3DF40000",4194304,-257.996,-0.004,-257.996,-0.004
-257,1043857408,"0x3E380000",4456448,-256.958,-0.042,-256.958,-0.042
-256,1048051712,"0x3E780000",4194304,-255.981,-0.019,-255.981,-0.019
-255,1052508160,"0x3EBC0000",4456448,-254.944,-0.056,-254.944,-0.056
-254,1056702464,"0x3EFC0000",4194304,-253.967,-0.033,-253.967,-0.033
-253,1060896768,"0x3F3C0000",4194304,-252.991,-0.009,-252.991,-0.009
-252,1065353216,"0x3F800000",4456448,-251.953,-0.047,-251.953,-0.047
-251,1069547520,"0x3FC00000",4194304,-250.977,-0.023,-250.977,-0.023
-250,1073741824,"0x40000000",4194304,-250.000,0.000,-250.000,0.000
-249,1078198272,"0x40440000",4456448,-248.962,-0.038,-248.962,-0.038
-248,1082392576,"0x40840000",4194304,-247.986,-0.014,-247.986,-0.014
-247,1086849024,"0x40C80000",4456448,-246.948,-0.052,-246.948,-0.052
-246,1091043328,"0x41080000",4194304,-245.972,-0.028,-245.972,-0.028
-245,1095237632,"0x41480000",4194304,-244.995,-0.005,-244.995,-0.005
-244,1099694080,"0x418C0000",4456448,-243.958,-0.042,-243.958,-0.042
-243,1103888384,"0x41CC0000",4194304,-242.981,-0.019,-242.981,-0.019
-242,1108344832,"0x42100000",4456448,-241.943,-0.057,-241.943,-0.057
-241,1112539136,"0x42500000",4194304,-240.967,-0.033,-240.967,-0.033
-240,1116733440,"0x42900000",4194304,-239.990,-0.010,-239.990,-0.010
-239,1121189888,"0x42D40000",4456448,-238.953,-0.047,-238.953,-0.047
-238,1125384192,"0x43140000",4194304,-237.976,-0.024,-237.976,-0.024
-237,1129578496,"0x43540000",4194304,-237.000,-0.000,-237.000,-0.000
-236,1134034944,"0x43980000",4456448,-235.962,-0.038,-235.962,-0.038
-235,1138229248,"0x43D80000",4194304,-234.985,-0.015,-234.985,-0.015
-234,1142685696,"0x441C0000",4456448,-233.948,-0.052,-233.948,-0.052
-233,1146880000,"0x445C0000",4194304,-232.971,-0.029,-232.971,-0.029
-232,1151074304,"0x449C0000",4194304,-231.995,-0.005,-231.995,-0.005
-231,1155530752,"0x44E00000",4456448,-230.957,-0.043,-230.957,-0.043
-230,1159725056,"0x45200000",4194304,-229.980,-0.020,-229.980,-0.020
-229,1164181504,"0x45640000",4456448,-228.943,-0.057,-228.943,-0.057
-228,1168375808,"0x45A40000",4194304,-227.966,-0.034,-227.966,-0.034
-227,1172570112,"0x45E40000",4194304,-226.990,-0.010,-226.990,-0.010
-226,1177026560,"0x46280000",4456448,-225.952,-0.048,-225.952,-0.048
-225,1181220864,"0x46680000",4194304,-224.976,-0.024,-224.976,-0.024
-224,1185415168,"0x46A80000",4194304,-223.999,-0.001,-223.999,-0.001
-223,1189871616,"0x46EC0000",4456448,-222.961,-0.039,-222.961,-0.039
-222,1194065920,"0x472C0000",4194304,-221.985,-0.015,-221.985,-0.015
-221,1198522368,"0x47700000",4456448,-220.947,-0.053,-220.947,-0.053
-220,1202716672,"0x47B00000",4194304,-219.971,-0.029,-219.971,-0.029
-219,1206910976,"0x47F00000",4194304,-218.994,-0.006,-218.994,-0.006
-218,1211367424,"0x48340000",4456448,-217.957,-0.043,-217.957,-0.043
-217,1215561728,"0x48740000",4194304,-216.980,-0.020,-216.980,-0.020
-216,1220018176,"0x48B80000",4456448,-215.942,-0.058,-215.942,-0.058
-215,1224212480,"0x48F80000",4194304,-214.966,-0.034,-214.966,-0.034
-214,1228406784,"0x49380000",4194304,-213.989,-0.011,-213.989,-0.011
-213,1232863232,"0x497C0000",4456448,-212.952,-0.048,-212.952,-0.048
-212,1237057536,"0x49BC0000",4194304,-211.975,-0.025,-211.975,-0.025
-211,1241251840,"0x49FC0000",4194304,-210.999,-0.001,-210.999,-0.001
-210,1245708288,"0x4A400000",4456448,-209.961,-0.039,-209.961,-0.039
-209,1249902592,"0x4A800000",4194304,-208.984,-0.016,-208.984,-0.016
-208,1254359040,"0x4AC40000",4456448,-207.947,-0.053,-207.947,-0.053
-207,1258553344,"0x4B040000",4194304,-206.970,-0.030,-206.970,-0.030
-206,1262747648,"0x4B440000",4194304,-205.994,-0.006,-205.994,-0.006
-205,1267204096,"0x4B880000",4456448,-204.956,-0.044,-204.956,-0.044
-204,1271398400,"0x4BC80000",4194304,-203.979,-0.021,-203.979,-0.021
-203,1275854848,"0x4C0C0000",4456448,-202.942,-0.058,-202.942,-0.058
-202,1280049152,"0x4C4C0000",4194304,-201.965,-0.035,-201.965,-0.035
-201,1284243456,"0x4C8C0000",4194304,-200.989,-0.011,-200.989,-0.011
-200,1288699904,"0x4CD00000",4456448,-199.951,-0.049,-199.951,-0.049
-199,1292894208,"0x4D100000",4194304,-198.975,-0.025,-198.975,-0.025
-198,1297088512,"0x4D500000",4194304,-197.998,-0.002,-197.998,-0.002
-197,1301544960,"0x4D940000",4456448,-196.960,-0.040,-196.960,-0.040
-196,1305739264,"0x4DD40000",4194304,-195.984,-0.016,-195.984,-0.016
-195,1310195712,"0x4E180000",4456448,-194.946,-0.054,-194.946,-0.054
-194,1314390016,"0x4E580000",4194304,-193.970,-0.030,-193.970,-0.030
-193,1318584320,"0x4E980000",4194304,-192.993,-0.007,-192.993,-0.007
-192,1323040768,"0x4EDC0000",4456448,-191.956,-0.044,-191.956,-0.044
-191,1327235072,"0x4F1C0000",4194304,-190.979,-0.021,-190.979,-0.021
-190,1331691520,"0x4F600000",4456448,-189.941,-0.059,-189.941,-0.059
-189,1335885824,"0x4FA00000",4194304,-188.965,-0.035,-188.965,-0.035
-188,1340080128,"0x4FE00000",4194304,-187.988,-0.012,-187.988,-0.012
-187,1344536576,"0x50240000",4456448,-186.951,-0.049,-186.951,-0.049
-186,1348730880,"0x50640000",4194304,-185.974,-0.026,-185.974,-0.026
-185,1352925184,"0x50A40000",4194304,-184.998,-0.002,-184.998,-0.002
-184,1357381632,"0x50E80000",4456448,-183.960,-0.040,-183.960,-0.040
-183,1361575936,"0x51280000",4194304,-182.983,-0.017,-182.983,-0.017
-182,1366032384,"0x516C0000",4456448,-181.946,-0.054,-181.946,-0.054
-181,1370226688,"0x51AC0000",4194304,-180.969,-0.031,-180.969,-0.031
-180,1374420992,"0x51EC0000",4194304,-179.993,-0.007,-179.993,-0.007
-179,1378877440,"0x52300000",4456448,-178.955,-0.045,-178.955,-0.045
-178,1383071744,"0x52700000",4194304,-177.979,-0.021,-177.979,-0.021
-177,1387528192,"0x52B40000",4456448,-176.941,-0.059,-176.941,-0.059
-176,1391722496,"0x52F40000",4194304,-175.964,-0.036,-175.964,-0.036
-175,1395916800,"0x53340000",4194304,-174.988,-0.012,-174.988,-0.012
-174,1400373248,"0x53780000",4456448,-173.950,-0.050,-173.950,-0.050
-173,1404567552,"0x53B80000",4194304,-172.974,-0.026,-172.974,-0.026
-172,1408761856,"0x53F80000",4194304,-171.997,-0.003,-171.997,-0.003
-171,1413218304,"0x543C0000",4456448,-170.959,-0.041,-170.959,-0.041
-170,1417412608,"0x547C0000",4194304,-169.983,-0.017,-169.983,-0.017
-169,1421869056,"0x54C00000",4456448,-168.945,-0.055,-168.945,-0.055
-168,1426063360,"0x55000000",4194304,-167.969,-0.031,-167.969,-0.031
-167,1430257664,"0x55400000",4194304,-166.992,-0.008,-166.992,-0.008
-166,1434714112,"0x55840000",4456448,-165.955,-0.045,-165.955,-0.045
-165,1438908416,"0x55C40000",4194304,-164.978,-0.022,-164.978,-0.022
-164,1443364864,"0x56080000",4456448,-163.940,-0.060,-163.940,-0.060
-163,1447559168,"0x56480000",4194304,-162.964,-0.036,-162.964,-0.036
-162,1451753472,"0x56880000",4194304,-161.987,-0.013,-161.987,-0.013
-161,1456209920,"0x56CC0000",4456448,-160.950,-0.050,-160.950,-0.050
-160,1460404224,"0x570C0000",4194304,-159.973,-0.027,-159.973,-0.027
-159,1464598528,"0x574C0000",4194304,-158.997,-0.003,-158.997,-0.003
-158,1469054976,"0x57900000",4456448,-157.959,-0.041,-157.959,-0.041
-157,1473249280,"0x57D00000",4194304,-156.982,-0.018,-156.982,-0.018
-156,1477705728,"0x58140000",4456448,-155.945,-0.055,-155.945,-0.055
-155,1481900032,"0x58540000",4194304,-154.968,-0.032,-154.968,-0.032
-154,1486094336,"0x58940000",4194304,-153.992,-0.008,-153.992,-0.008
-153,1490550784,"0x58D80000",4456448,-152.954,-0.046,-152.954,-0.046
-152,1494745088,"0x59180000",4194304,-151.978,-0.022,-151.978,-0.022
-151,1499201536,"0x595C0000",4456448,-150.940,-0.060,-150.940,-0.060
-150,1503395840,"0x599C0000",4194304,-149.963,-0.037,-149.963,-0.037
-149,1507590144,"0x59DC0000",4194304,-148.987,-0.013,-148.987,-0.013
-148,1512046592,"0x5A200000",4456448,-147.949,-0.051,-147.949,-0.051
-147,1516240896,"0x5A600000",4194304,-146.973,-0.027,-146.973,-0.027
-146,1520435200,"0x5AA00000",4194304,-145.996,-0.004,-145.996,-0.004
-145,1524891648,"0x5AE40000",4456448,-144.958,-0.042,-144.958,-0.042
-144,1529085952,"0x5B240000",4194304,-143.982,-0.018,-143.982,-0.018
-143,1533542400,"0x5B680000",4456448,-142.944,-0.056,-142.944,-0.056
-142,1537736704,"0x5BA80000",4194304,-141.968,-0.032,-141.968,-0.032
-141,1541931008,"0x5BE80000",4194304,-140.991,-0.009,-140.991,-0.009
-140,1546387456,"0x5C2C0000",4456448,-139.954,-0.046,-139.954,-0.046
-139,1550581760,"0x5C6C0000",4194304,-138.977,-0.023,-138.977,-0.023
-138,1555038208,"0x5CB00000",4456448,-137.939,-0.061,-137.939,-0.061
-137,1559232512,"0x5CF00000",4194304,-136.963,-0.037,-136.963,-0.037
-136,1563426816,"0x5D300000",4194304,-135.986,-0.014,-135.986,-0.014
-135,1567883264,"0x5D740000",4456448,-134.949,-0.051,-134.949,-0.051
-134,1572077568,"0x5DB40000",4194304,-133.972,-0.028,-133.972,-0.028
-133,1576271872,"0x5DF40000",4194304,-132.996,-0.004,-132.996,-0.004
-132,1580728320,"0x5E380000",4456448,-131.958,-0.042,-131.958,-0.042
-131,1584922624,"0x5E780000",4194304,-130.981,-0.019,-130.981,-0.019
-130,1589379072,"0x5EBC0000",4456448,-129.944,-0.056,-129.944,-0.056
-129,1593573376,"0x5EFC0000",4194304,-128.967,-0.033,-128.967,-0.033
-128,1597767680,"0x5F3C0000",4194304,-127.991,-0.009,-127.991,-0.009
-127,1602224128,"0x5F800000",4456448,-126.953,-0.047,-126.953,-0.047
-126,1606418432,"0x5FC00000",4194304,-125.977,-0.023,-125.977,-0.023
-125,1610612736,"0x60000000",4194304,-125.000,0.000,-125.000,0.000
-124,1615069184,"0x60440000",4456448,-123.962,-0.038,-123.962,-0.038
-123,1619263488,"0x60840000",4194304,-122.986,-0.014,-122.986,-0.014
-122,1623719936,"0x60C80000",4456448,-121.948,-0.052,-121.948,-0.052
-121,1627914240,"0x61080000",4194304,-120.972,-0.028,-120.972,-0.028
-120,1632108544,"0x61480000",4194304,-119.995,-0.005,-119.995,-0.005
-119,1636564992,"0x618C0000",4456448,-118.958,-0.042,-118.958,-0.042
-118,1640759296,"0x61CC0000",4194304,-117.981,-0.019,-117.981,-0.019
-117,1645215744,"0x62100000",4456448,-116.943,-0.057,-116.943,-0.057
-116,1649410048,"0x62500000",4194304,-115.967,-0.033,-115.967,-0.033
-115,1653604352,"0x62900000",4194304,-114.990,-0.010,-114.990,-0.010
-114,1658060800,"0x62D40000",4456448,-113.953,-0.047,-113.953,-0.047
-113,1662255104,"0x63140000",4194304,-112.976,-0.024,-112.976,-0.024
-112,1666449408,"0x63540000",4194304,-112.000,-0.000,-112.000,-0.000
-111,1670905856,"0x63980000",4456448,-110.962,-0.038,-110.962,-0.038
-110,1675100160,"0x63D80000",4194304,-109.985,-0.015,-109.985,-0.015
-109,1679556608,"0x641C0000",4456448,-108.948,-0.052,-108.948,-0.052
-108,1683750912,"0x645C0000",4194304,-107.971,-0.029,-107.971,-0.029
-107,1687945216,"0x649C0000",4194304,-106.995,-0.005,-106.995,-0.005
-106,1692401664,"0x64E00000",4456448,-105.957,-0.043,-105.957,-0.043
-105,1696595968,"0x65200000",4194304,-104.980,-0.020,-104.980,-0.020
-104,1701052416,"0x65640000",4456448,-103.943,-0.057,-103.943,-0.057
-103,1705246720,"0x65A40000",4194304,-102.966,-0.034,-102.966,-0.034
-102,1709441024,"0x65E40000",4194304,-101.990,-0.010,-101.990,-0.010
-101,1713897472,"0x66280000",4456448,-100.952,-0.048,-100.952,-0.048
-100,1718091776,"0x66680000",4194304,-99.976,-0.024,-99.976,-0.024
-99,1722286080,"0x66A80000",4194304,-98.999,-0.001,-98.999,-0.001
-98,1726742528,"0x66EC0000",4456448,-97.961,-0.039,-97.961,-0.039
-97,1730936832,"0x672C0000",4194304,-96.985,-0.015,-96.985,-0.015
-96,1735393280,"0x67700000",4456448,-95.947,-0.053,-95.947,-0.053
-95,1739587584,"0x67B00000",4194304,-94.971,-0.029,-94.971,-0.029
-94,1743781888,"0x67F00000",4194304,-93.994,-0.006,-93.994,-0.006
-93,1748238336,"0x68340000",4456448,-92.957,-0.043,-92.957,-0.043
-92,1752432640,"0x68740000",4194304,-91.980,-0.020,-91.980,-0.020
-91,1756889088,"0x68B80000",4456448,-90.942,-0.058,-90.942,-0.058
-90,1761083392,"0x68F80000",4194304,-89.966,-0.034,-89.966,-0.034
-89,1765277696,"0x69380000",4194304,-88.989,-0.011,-88.989,-0.011
-88,1769734144,"0x697C0000",4456448,-87.952,-0.048,-87.952,-0.048
-87,1773928448,"0x69BC0000",4194304,-86.975,-0.025,-86.975,-0.025
-86,1778122752,"0x69FC0000",4194304,-85.999,-0.001,-85.999,-0.001
-85,1782579200,"0x6A400000",4456448,-84.961,-0.039,-84.961,-0.039
-84,1786773504,"0x6A800000",4194304,-83.984,-0.016,-83.984,-0.016
-83,1791229952,"0x6AC40000",4456448,-82.947,-0.053,-82.947,-0.053
-82,1795424256,"0x6B040000",4194304,-81.970,-0.030,-81.970,-0.030
-81,1799618560,"0x6B440000",4194304,-80.994,-0.006,-80.994,-0.006
-80,1804075008,"0x6B880000",4456448,-79.956,-0.044,-79.956,-0.044
-79,1808269312,"0x6BC80000",4194304,-78.979,-0.021,-78.979,-0.021
-78,1812725760,"0x6C0C0000",4456448,-77.942,-0.058,-77.942,-0.058
-77,1816920064,"0x6C4C0000",4194304,-76.965,-0.035,-76.965,-0.035
-76,1821114368,"0x6C8C0000",4194304,-75.989,-0.011,-75.989,-0.011
-75,1825570816,"0x6CD00000",4456448,-74.951,-0.049,-74.951,-0.049
-74,1829765120,"0x6D100000",4194304,-73.975,-0.025,-73.975,-0.025
-73,1833959424,"0x6D500000",4194304,-72.998,-0.002,-72.998,-0.002
-72,1838415872,"0x6D940000",4456448,-71.960,-0.040,-71.960,-0.040
-71,1842610176,"0x6DD40000",4194304,-70.984,-0.016,-70.984,-0.016
-70,1847066624,"0x6E180000",4456448,-69.946,-0.054,-69.946,-0.054
-69,1851260928,"0x6E580000",4194304,-68.970,-0.030,-68.970,-0.030
-68,1855455232,"0x6E980000",4194304,-67.993,-0.007,-67.993,-0.007
-67,1859911680,"0x6EDC0000",4456448,-66.956,-0.044,-66.956,-0.044
-66,1864105984,"0x6F1C0000",4194304,-65.979,-0.021,-65.979,-0.021
-65,1868562432,"0x6F600000",4456448,-64.941,-0.059,-64.941,-0.059
-64,1872756736,"0x6FA00000",4194304,-63.965,-0.035,-63.965,-0.035
-63,1876951040,"0x6FE00000",4194304,-62.988,-0.012,-62.988,-0.012
-62,1881407488,"0x70240000",4456448,-61.951,-0.049,-61.951,-0.049
-61,1885601792,"0x70640000",4194304,-60.974,-0.026,-60.974,-0.026
-60,1889796096,"0x70A40000",4194304,-59.998,-0.002,-59.998,-0.002
-59,1894252544,"0x70E80000",4456448,-58.960,-0.040,-58.960,-0.040
-58,1898446848,"0x71280000",4194304,-57.983,-0.017,-57.983,-0.017
-57,1902903296,"0x716C0000",4456448,-56.946,-0.054,-56.946,-0.054
-56,1907097600,"0x71AC0000",4194304,-55.969,-0.031,-55.969,-0.031
-55,1911291904,"0x71EC0000",4194304,-54.993,-0.007,-54.993,-0.007
-54,1915748352,"0x72300000",4456448,-53.955,-0.045,-53.955,-0.045
-53,1919942656,"0x72700000",4194304,-52.979,-0.021,-52.979,-0.021
-52,1924399104,"0x72B40000",4456448,-51.941,-0.059,-51.941,-0.059
-51,1928593408,"0x72F40000",4194304,-50.964,-0.036,-50.964,-0.036
-50,1932787712,"0x73340000",4194304,-49.988,-0.012,-49.988,-0.012
-49,1937244160,"0x73780000",4456448,-48.950,-0.050,-48.950,-0.050
-48,1941438464,"0x73B80000",4194304,-47.974,-0.026,-47.974,-0.026
-47,1945632768,"0x73F80000",4194304,-46.997,-0.003,-46.997,-0.003
-46,1950089216,"0x743C0000",4456448,-45.959,-0.041,-45.959,-0.041
-45,1954283520,"0x747C0000",4194304,-44.983,-0.017,-44.983,-0.017
-44,1958739968,"0x74C00000",4456448,-43.945,-0.055,-43.945,-0.055
-43,1962934272,"0x75000000",4194304,-42.969,-0.031,-42.969,-0.031
-42,1967128576,"0x75400000",4194304,-41.992,-0.008,-41.992,-0.008
-41,1971585024,"0x75840000",4456448,-40.955,-0.045,-40.955,-0.045
-40,1975779328,"0x75C40000",4194304,-39.978,-0.022,-39.978,-0.022
-39,1980235776,"0x76080000",4456448,-38.940,-0.060,-38.940,-0.060
-38,1984430080,"0x76480000",4194304,-37.964,-0.036,-37.964,-0.036
-37,1988624384,"0x76880000",4194304,-36.987,-0.013,-36.987,-0.013
-36,1993080832,"0x76CC0000",4456448,-35.950,-0.050,-35.950,-0.050
-35,1997275136,"0x770C0000",4194304,-34.973,-0.027,-34.973,-0.027
-34,2001469440,"0x774C0000",4194304,-33.997,-0.003,-33.997,-0.003
-33,2005925888,"0x77900000",4456448,-32.959,-0.041,-32.959,-0.041
-32,2010120192,"0x77D00000",4194304,-31.982,-0.018,-31.982,-0.018
-31,2014576640,"0x78140000",4456448,-30.945,-0.055,-30.945,-0.055
-30,2018770944,"0x78540000",4194304,-29.968,-0.032,-29.968,-0.032
-29,2022965248,"0x78940000",4194304,-28.992,-0.008,-28.992,-0.008
-28,2027421696,"0x78D80000",4456448,-27.954,-0.046,-27.954,-0.046
-27,2031616000,"0x79180000",4194304,-26.978,-0.022,-26.978,-0.022
-26,2036072448,"0x795C0000",4456448,-25.940,-0.060,-25.940,-0.060
-25,2040266752,"0x799C0000",4194304,-24.963,-0.037,-24.963,-0.037
-24,2044461056,"0x79DC0000",4194304,-23.987,-0.013,-23.987,-0.013
-23,2048917504,"0x7A200000",4456448,-22.949,-0.051,-22.949,-0.051
-22,2053111808,"0x7A600000",4194304,-21.973,-0.027,-21.973,-0.027
-21,2057306112,"0x7AA00000",4194304,-20.996,-0.004,-20.996,-0.004
-20,2061762560,"0x7AE40000",4456448,-19.958,-0.042,-19.958,-0.042
-19,2065956864,"0x7B240000",4194304,-18.982,-0.018,-18.982,-0.018
-18,2070413312,"0x7B680000",4456448,-17.944,-0.056,-17.944,-0.056
-17,2074607616,"0x7BA80000",4194304,-16.968,-0.032,-16.968,-0.032
-16,2078801920,"0x7BE80000",4194304,-15.991,-0.009,-15.991,-0.009
-15,2083258368,"0x7C2C0000",4456448,-14.954,-0.046,-14.954,-0.046
-14,2087452672,"0x7C6C0000",4194304,-13.977,-0.023,-13.977,-0.023
-13,2091909120,"0x7CB00000",4456448,-12.939,-0.061,-12.939,-0.061
-12,2096103424,"0x7CF00000",4194304,-11.963,-0.037,-11.963,-0.037
-11,2100297728,"0x7D300000",4194304,-10.986,-0.014,-10.986,-0.014
-10,2104754176,"0x7D740000",4456448,-9.949,-0.051,-9.949,-0.051
-9,2108948480,"0x7DB40000",4194304,-8.972,-0.028,-8.972,-0.028
-8,2113142784,"0x7DF40000",4194304,-7.996,-0.004,-7.996,-0.004
-7,2117599232,"0x7E380000",4456448,-6.958,-0.042,-6.958,-0.042
-6,2121793536,"0x7E780000",4194304,-5.981,-0.019,-5.981,-0.019
-5,2126249984,"0x7EBC0000",4456448,-4.944,-0.056,-4.944,-0.056
-4,2130444288,"0x7EFC0000",4194304,-3.967,-0.033,-3.967,-0.033
-3,2134638592,"0x7F3C0000",4194304,-2.991,-0.009,-2.991,-0.009
-2,2139095040,"0x7F800000",4456448,-1.953,-0.047,-1.953,-0.047
-1,2143289344,"0x7FC00000",4194304,-0.977,-0.023,-0.977,-0.023
0,2147483648,"0x80000000",4194304,0.000,0.000,0.000,0.000
1,2151677952,"0x80400000",4194304,0.977,0.023,0.977,0.023
2,2155872256,"0x80800000",4194304,1.953,0.047,1.953,0.047
3,2160328704,"0x80C40000",4456448,2.991,0.009,2.991,0.009
4,2164523008,"0x81040000",4194304,3.967,0.033,3.967,0.033
5,2168717312,"0x81440000",4194304,4.944,0.056,4.944,0.056
6,2173173760,"0x81880000",4456448,5.981,0.019,5.981,0.019
7,2177368064,"0x81C80000",4194304,6.958,0.042,6.958,0.042
8,2181824512,"0x820C0000",4456448,7.996,0.004,7.996,0.004
9,2186018816,"0x824C0000",4194304,8.972,0.028,8.972,0.028
10,2190213120,"0x828C0000",4194304,9.949,0.051,9.949,0.051
11,2194669568,"0x82D00000",4456448,10.986,0.014,10.986,0.014
12,2198863872,"0x83100000",4194304,11.963,0.037,11.963,0.037
13,2203058176,"0x83500000",4194304,12.939,0.061,12.939,0.061
14,2207514624,"0x83940000",4456448,13.977,0.023,13.977,0.023
15,2211708928,"0x83D40000",4194304,14.954,0.046,14.954,0.046
16,2216165376,"0x84180000",4456448,15.991,0.009,15.991,0.009
17,2220359680,"0x84580000",4194304,16.968,0.032,16.968,0.032
18,2224553984,"0x84980000",4194304,17.944,0.056,17.944,0.056
19,2229010432,"0x84DC0000",4456448,18.982,0.018,18.982,0.018
20,2233204736,"0x851C0000",4194304,19.958,0.042,19.958,0.042
21,2237661184,"0x85600000",4456448,20.996,0.004,20.996,0.004
22,2241855488,"0x85A00000",4194304,21.973,0.027,21.973,0.027
23,2246049792,"0x85E00000",4194304,22.949,0.051,22.949,0.051
24,2250506240,"0x86240000",4456448,23.987,0.013,23.987,0.013
25,2254700544,"0x86640000",4194304,24.963,0.037,24.963,0.037
26,2258894848,"0x86A40000",4194304,25.940,0.060,25.940,0.060
27,2263351296,"0x86E80000",4456448,26.978,0.022,26.978,0.022
28,2267545600,"0x87280000",4194304,27.954,0.046,27.954,0.046
29,2272002048,"0x876C0000",4456448,28.992,0.008,28.992,0.008
30,2276196352,"0x87AC0000",4194304,29.968,0.032,29.968,0.032
31,2280390656,"0x87EC0000",4194304,30.945,0.055,30.945,0.055
32,2284847104,"0x88300000",4456448,31.982,0.018,31.982,0.018
33,2289041408,"0x88700000",4194304,32.959,0.041,32.959,0.041
34,2293497856,"0x88B40000",4456448,33.997,0.003,33.997,0.003
35,2297692160,"0x88F40000",4194304,34.973,0.027,34.973,0.027
36,2301886464,"0x89340000",4194304,35.950,0.050,35.950,0.050
37,2306342912,"0x89780000",4456448,36.987,0.013,36.987,0.013
38,2310537216,"0x89B80000",4194304,37.964,0.036,37.964,0.036
39,2314731520,"0x89F80000",4194304,38.940,0.060,38.940,0.060
40,2319187968,"0x8A3C0000",4456448,39.978,0.022,39.978,0.022
41,2323382272,"0x8A7C0000",4194304,40.955,0.045,40.955,0.045
42,2327838720,"0x8AC00000",4456448,41.992,0.008,41.992,0.008
43,2332033024,"0x8B000000",4194304,42.969,0.031,42.969,0.031
44,2336227328,"0x8B400000",4194304,43.945,0.055,43.945,0.055
45,2340683776,"0x8B840000",4456448,44.983,0.017,44.983,0.017
46,2344878080,"0x8BC40000",4194304,45.959,0.041,45.959,0.041
47,2349334528,"0x8C080000",4456448,46.997,0.003,46.997,0.003
48,2353528832,"0x8C480000",4194304,47.974,0.026,47.974,0.026
49,2357723136,"0x8C880000",4194304,48.950,0.050,48.950,0.050
50,2362179584,"0x8CCC0000",4456448,49.988,0.012,49.988,0.012
51,2366373888,"0x8D0C0000",4194304,50.964,0.036,50.964,0.036
52,2370568192,"0x8D4C0000",4194304,51.941,0.059,51.941,0.059
53,2375024640,"0x8D900000",4456448,52.979,0.021,52.979,0.021
54,2379218944,"0x8DD00000",4194304,53.955,0.045,53.955,0.045
55,2383675392,"0x8E140000",4456448,54.993,0.007,54.993,0.007
56,2387869696,"0x8E540000",4194304,55.969,0.031,55.969,0.031
57,2392064000,"0x8E940000",4194304,56.946,0.054,56.946,0.054
58,2396520448,"0x8ED80000",4456448,57.983,0.017,57.983,0.017
59,2400714752,"0x8F180000",4194304,58.960,0.040,58.960,0.040
60,2405171200,"0x8F5C0000",4456448,59.998,0.002,59.998,0.002
61,2409365504,"0x8F9C0000",4194304,60.974,0.026,60.974,0.026
62,2413559808,"0x8FDC0000",4194304,61.951,0.049,61.951,0.049
63,2418016256,"0x90200000",4456448,62.988,0.012,62.988,0.012
64,2422210560,"0x90600000",4194304,63.965,0.035,63.965,0.035
65,2426404864,"0x90A00000",4194304,64.941,0.059,64.941,0.059
66,2430861312,"0x90E40000",4456448,65.979,0.021,65.979,0.021
67,2435055616,"0x91240000",4194304,66.956,0.044,66.956,0.044
68,2439512064,"0x91680000",4456448,67.993,0.007,67.993,0.007
69,2443706368,"0x91A80000",4194304,68.970,0.030,68.970,0.030
70,2447900672,"0x91E80000",4194304,69.946,0.054,69.946,0.054
71,2452357120,"0x922C0000",4456448,70.984,0.016,70.984,0.016
72,2456551424,"0x926C0000",4194304,71.960,0.040,71.960,0.040
73,2461007872,"0x92B00000",4456448,72.998,0.002,72.998,0.002
74,2465202176,"0x92F00000",4194304,73.975,0.025,73.975,0.025
75,2469396480,"0x93300000",4194304,74.951,0.049,74.951,0.049
76,2473852928,"0x93740000",4456448,75.989,0.011,75.989,0.011
77,2478047232,"0x93B40000",4194304,76.965,0.035,76.965,0.035
78,2482241536,"0x93F40000",4194304,77.942,0.058,77.942,0.058
79,2486697984,"0x94380000",4456448,78.979,0.021,78.979,0.021
80,2490892288,"0x94780000",4194304,79.956,0.044,79.956,0.044
81,2495348736,"0x94BC0000",4456448,80.994,0.006,80.994,0.006
82,2499543040,"0x94FC0000",4194304,81.970,0.030,81.970,0.030
83,2503737344,"0x953C0000",4194304,82.947,0.053,82.947,0.053
84,2508193792,"0x95800000",4456448,83.984,0.016,83.984,0.016
85,2512388096,"0x95C00000",4194304,84.961,0.039,84.961,0.039
86,2516844544,"0x96040000",4456448,85.999,0.001,85.999,0.001
87,2521038848,"0x96440000",4194304,86.975,0.025,86.975,0.025
88,2525233152,"0x96840000",4194304,87.952,0.048,87.952,0.048
89,2529689600,"0x96C80000",4456448,88.989,0.011,88.989,0.011
90,2533883904,"0x97080000",4194304,89.966,0.034,89.966,0.034
91,2538078208,"0x97480000",4194304,90.942,0.058,90.942,0.058
92,2542534656,"0x978C0000",4456448,91.980,0.020,91.980,0.020
93,2546728960,"0x97CC0000",4194304,92.957,0.043,92.957,0.043
94,2551185408,"0x98100000",4456448,93.994,0.006,93.994,0.006
95,2555379712,"0x98500000",4194304,94.971,0.029,94.971,0.029
96,2559574016,"0x98900000",4194304,95.947,0.053,95.947,0.053
97,2564030464,"0x98D40000",4456448,96.985,0.015,96.985,0.015
98,2568224768,"0x99140000",4194304,97.961,0.039,97.961,0.039
99,2572681216,"0x99580000",4456448,98.999,0.001,98.999,0.001
100,2576875520,"0x99980000",4194304,99.976,0.024,99.976,0.024
101,2581069824,"0x99D80000",4194304,100.952,0.048,100.952,0.048
102,2585526272,"0x9A1C0000",4456448,101.990,0.010,101.990,0.010
103,2589720576,"0x9A5C0000",4194304,102.966,0.034,102.966,0.034
104,2593914880,"0x9A9C0000",4194304,103.943,0.057,103.943,0.057
105,2598371328,"0x9AE00000",4456448,104.980,0.020,104.980,0.020
106,2602565632,"0x9B200000",4194304,105.957,0.043,105.957,0.043
107,2607022080,"0x9B640000",4456448,106.995,0.005,106.995,0.005
108,2611216384,"0x9BA40000",4194304,107.971,0.029,107.971,0.029
109,2615410688,"0x9BE40000",4194304,108.948,0.052,108.948,0.052
110,2619867136,"0x9C280000",4456448,109.985,0.015,109.985,0.015
111,2624061440,"0x9C680000",4194304,110.962,0.038,110.962,0.038
112,2628517888,"0x9CAC0000",4456448,112.000,0.000,112.000,0.000
113,2632712192,"0x9CEC0000",4194304,112.976,0.024,112.976,0.024
114,2636906496,"0x9D2C0000",4194304,113.953,0.047,113.953,0.047
115,2641362944,"0x9D700000",4456448,114.990,0.010,114.990,0.010
116,2645557248,"0x9DB00000",4194304,115.967,0.033,115.967,0.033
117,2649751552,"0x9DF00000",4194304,116.943,0.057,116.943,0.057
118,2654208000,"0x9E340000",4456448,117.981,0.019,117.981,0.019
119,2658402304,"0x9E740000",4194304,118.958,0.042,118.958,0.042
120,2662858752,"0x9EB80000",4456448,119.995,0.005,119.995,0.005
121,2667053056,"0x9EF80000",4194304,120.972,0.028,120.972,0.028
122,2671247360,"0x9F380000",4194304,121.948,0.052,121.948,0.052
123,2675703808,"0x9F7C0000",4456448,122.986,0.014,122.986,0.014
124,2679898112,"0x9FBC0000",4194304,123.962,0.038,123.962,0.038
125,2684354560,"0xA0000000",4456448,125.000,-0.000,125.000,-0.000
126,2688548864,"0xA0400000",4194304,125.977,0.023,125.977,0.023
127,2692743168,"0xA0800000",4194304,126.953,0.047,126.953,0.047
128,2697199616,"0xA0C40000",4456448,127.991,0.009,127.991,0.009
129,2701393920,"0xA1040000",4194304,128.967,0.033,128.967,0.033
130,2705588224,"0xA1440000",4194304,129.944,0.056,129.944,0.056
131,2710044672,"0xA1880000",4456448,130.981,0.019,130.981,0.019
132,2714238976,"0xA1C80000",4194304,131.958,0.042,131.958,0.042
133,2718695424,"0xA20C0000",4456448,132.996,0.004,132.996,0.004
134,2722889728,"0xA24C0000",4194304,133.972,0.028,133.972,0.028
135,2727084032,"0xA28C0000",4194304,134.949,0.051,134.949,0.051
136,2731540480,"0xA2D00000",4456448,135.986,0.014,135.986,0.014
137,2735734784,"0xA3100000",4194304,136.963,0.037,136.963,0.037
138,2739929088,"0xA3500000",4194304,137.939,0.061,137.939,0.061
139,2744385536,"0xA3940000",4456448,138.977,0.023,138.977,0.023
140,2748579840,"0xA3D40000",4194304,139.954,0.046,139.954,0.046
141,2753036288,"0xA4180000",4456448,140.991,0.009,140.991,0.009
142,2757230592,"0xA4580000",4194304,141.968,0.032,141.968,0.032
143,2761424896,"0xA4980000",4194304,142.944,0.056,142.944,0.056
144,2765881344,"0xA4DC0000",4456448,143.982,0.018,143.982,0.018
145,2770075648,"0xA51C0000",4194304,144.958,0.042,144.958,0.042
146,2774532096,"0xA5600000",4456448,145.996,0.004,145.996,0.004
147,2778726400,"0xA5A00000",4194304,146.973,0.027,146.973,0.027
148,2782920704,"0xA5E00000",4194304,147.949,0.051,147.949,0.051
149,2787377152,"0xA6240000",4456448,148.987,0.013,148.987,0.013
150,2791571456,"0xA6640000",4194304,149.963,0.037,149.963,0.037
151,2795765760,"0xA6A40000",4194304,150.940,0.060,150.940,0.060
152,2800222208,"0xA6E80000",4456448,151.978,0.022,151.978,0.022
153,2804416512,"0xA7280000",4194304,152.954,0.046,152.954,0.046
154,2808872960,"0xA76C0000",4456448,153.992,0.008,153.992,0.008
155,2813067264,"0xA7AC0000",4194304,154.968,0.032,154.968,0.032
156,2817261568,"0xA7EC0000",4194304,155.945,0.055,155.945,0.055
157,2821718016,"0xA8300000",4456448,156.982,0.018,156.982,0.018
158,2825912320,"0xA8700000",4194304,157.959,0.041,157.959,0.041
159,2830368768,"0xA8B40000",4456448,158.997,0.003,158.997,0.003
160,2834563072,"0xA8F40000",4194304,159.973,0.027,159.973,0.027
161,2838757376,"0xA9340000",4194304,160.950,0.050,160.950,0.050
162,2843213824,"0xA9780000",4456448,161.987,0.013,161.987,0.013
163,2847408128,"0xA9B80000",4194304,162.964,0.036,162.964,0.036
164,2851602432,"0xA9F80000",4194304,163.940,0.060,163.940,0.060
165,2856058880,"0xAA3C0000",4456448,164.978,0.022,164.978,0.022
166,2860253184,"0xAA7C0000",4194304,165.955,0.045,165.955,0.045
167,2864709632,"0xAAC00000",4456448,166.992,0.008,166.992,0.008
168,2868903936,"0xAB000000",4194304,167.969,0.031,167.969,0.031
169,2873098240,"0xAB400000",4194304,168.945,0.055,168.945,0.055
170,2877554688,"0xAB840000",4456448,169.983,0.017,169.983,0.017
171,2881748992,"0xABC40000",4194304,170.959,0.041,170.959,0.041
172,2886205440,"0xAC080000",4456448,171.997,0.003,171.997,0.003
173,2890399744,"0xAC480000",4194304,172.974,0.026,172.974,0.026
174,2894594048,"0xAC880000",4194304,173.950,0.050,173.950,0.050
175,2899050496,"0xACCC0000",4456448,174.988,0.012,174.988,0.012
176,2903244800,"0xAD0C0000",4194304,175.964,0.036,175.964,0.036
177,2907439104,"0xAD4C0000",4194304,176.941,0.059,176.941,0.059
178,2911895552,"0xAD900000",4456448,177.979,0.021,177.979,0.021
179,2916089856,"0xADD00000",4194304,178.955,0.045,178.955,0.045
180,2920546304,"0xAE140000",4456448,179.993,0.007,179.993,0.007
181,2924740608,"0xAE540000",4194304,180.969,0.031,180.969,0.031
182,2928934912,"0xAE940000",4194304,181.946,0.054,181.946,0.054
183,2933391360,"0xAED80000",4456448,182.983,0.017,182.983,0.017
184,2937585664,"0xAF180000",4194304,183.960,0.040,183.960,0.040
185,2942042112,"0xAF5C0000",4456448,184.998,0.002,184.998,0.002
186,2946236416,"0xAF9C0000",4194304,185.974,0.026,185.974,0.026
187,2950430720,"0xAFDC0000",4194304,186.951,0.049,186.951,0.049
188,2954887168,"0xB0200000",4456448,187.988,0.012,187.988,0.012
189,2959081472,"0xB0600000",4194304,188.965,0.035,188.965,0.035
190,2963275776,"0xB0A00000",4194304,189.941,0.059,189.941,0.059
191,2967732224,"0xB0E40000",4456448,190.979,0.021,190.979,0.021
192,2971926528,"0xB1240000",4194304,191.956,0.044,191.956,0.044
193,2976382976,"0xB1680000",4456448,192.993,0.007,192.993,0.007
194,2980577280,"0xB1A80000",4194304,193.970,0.030,193.970,0.030
195,2984771584,"0xB1E80000",4194304,194.946,0.054,194.946,0.054
196,2989228032,"0xB22C0000",4456448,195.984,0.016,195.984,0.016
197,2993422336,"0xB26C0000",4194304,196.960,0.040,196.960,0.040
198,2997878784,"0xB2B00000",4456448,197.998,0.002,197.998,0.002
199,3002073088,"0xB2F00000",4194304,198.975,0.025,198.975,0.025
200,3006267392,"0xB3300000",4194304,199.951,0.049,199.951,0.049
201,3010723840,"0xB3740000",4456448,200.989,0.011,200.989,0.011
202,3014918144,"0xB3B40000",4194304,201.965,0.035,201.965,0.035
203,3019112448,"0xB3F40000",4194304,202.942,0.058,202.942,0.058
204,3023568896,"0xB4380000",4456448,203.979,0.021,203.979,0.021
205,3027763200,"0xB4780000",4194304,204.956,0.044,204.956,0.044
206,3032219648,"0xB4BC0000",4456448,205.994,0.006,205.994,0.006
207,3036413952,"0xB4FC0000",4194304,206.970,0.030,206.970,0.030
208,3040608256,"0xB53C0000",4194304,207.947,0.053,207.947,0.053
209,3045064704,"0xB5800000",4456448,208.984,0.016,208.984,0.016
210,3049259008,"0xB5C00000",4194304,209.961,0.039,209.961,0.039
211,3053715456,"0xB6040000",4456448,210.999,0.001,210.999,0.001
212,3057909760,"0xB6440000",4194304,211.975,0.025,211.975,0.025
213,3062104064,"0xB6840000",4194304,212.952,0.048,212.952,0.048
214,3066560512,"0xB6C80000",4456448,213.989,0.011,213.989,0.011
215,3070754816,"0xB7080000",4194304,214.966,0.034,214.966,0.034
216,3074949120,"0xB7480000",4194304,215.942,0.058,215.942,0.058
217,3079405568,"0xB78C0000",4456448,216.980,0.020,216.980,0.020
218,3083599872,"0xB7CC0000",4194304,217.957,0.043,217.957,0.043
219,3088056320,"0xB8100000",4456448,218.994,0.006,218.994,0.006
220,3092250624,"0xB8500000",4194304,219.971,0.029,219.971,0.029
221,3096444928,"0xB8900000",4194304,220.947,0.053,220.947,0.053
222,3100901376,"0xB8D40000",4456448,221.985,0.015,221.985,0.015
223,3105095680,"0xB9140000",4194304,222.961,0.039,222.961,0.039
224,3109552128,"0xB9580000",4456448,223.999,0.001,223.999,0.001
225,3113746432,"0xB9980000",4194304,224.976,0.024,224.976,0.024
226,3117940736,"0xB9D80000",4194304,225.952,0.048,225.952,0.048
227,3122397184,"0xBA1C0000",4456448,226.990,0.010,226.990,0.010
228,3126591488,"0xBA5C0000",4194304,227.966,0.034,227.966,0.034
229,3130785792,"0xBA9C0000",4194304,228.943,0.057,228.943,0.057
230,3135242240,"0xBAE00000",4456448,229.980,0.020,229.980,0.020
231,3139436544,"0xBB200000",4194304,230.957,0.043,230.957,0.043
232,3143892992,"0xBB640000",4456448,231.995,0.005,231.995,0.005
233,3148087296,"0xBBA40000",4194304,232.971,0.029,232.971,0.029
234,3152281600,"0xBBE40000",4194304,233.948,0.052,233.948,0.052
235,3156738048,"0xBC280000",4456448,234.985,0.015,234.985,0.015
236,3160932352,"0xBC680000",4194304,235.962,0.038,235.962,0.038
237,3165388800,"0xBCAC0000",4456448,237.000,0.000,237.000,0.000
238,3169583104,"0xBCEC0000",4194304,237.976,0.024,237.976,0.024
239,3173777408,"0xBD2C0000",4194304,238.953,0.047,238.953,0.047
240,3178233856,"0xBD700000",4456448,239.990,0.010,239.990,0.010
241,3182428160,"0xBDB00000",4194304,240.967,0.033,240.967,0.033
242,3186622464,"0xBDF00000",4194304,241.943,0.057,241.943,0.057
243,3191078912,"0xBE340000",4456448,242.981,0.019,242.981,0.019
244,3195273216,"0xBE740000",4194304,243.958,0.042,243.958,0.042
245,3199729664,"0xBEB80000",4456448,244.995,0.005,244.995,0.005
246,3203923968,"0xBEF80000",4194304,245.972,0.028,245.972,0.028
247,3208118272,"0xBF380000",4194304,246.948,0.052,246.948,0.052
248,3212574720,"0xBF7C0000",4456448,247.986,0.014,247.986,0.014
249,3216769024,"0xBFBC0000",4194304,248.962,0.038,248.962,0.038
250,3221225472,"0xC0000000",4456448,250.000,-0.000,250.000,-0.000
251,3225419776,"0xC0400000",4194304,250.977,0.023,250.977,0.023
252,3229614080,"0xC0800000",4194304,251.953,0.047,251.953,0.047
253,3234070528,"0xC0C40000",4456448,252.991,0.009,252.991,0.009
254,3238264832,"0xC1040000",4194304,253.967,0.033,253.967,0.033
255,3242459136,"0xC1440000",4194304,254.944,0.056,254.944,0.056
256,3246915584,"0xC1880000",4456448,255.981,0.019,255.981,0.019
257,3251109888,"0xC1C80000",4194304,256.958,0.042,256.958,0.042
258,3255566336,"0xC20C0000",4456448,257.996,0.004,257.996,0.004
259,3259760640,"0xC24C0000",4194304,258.972,0.028,258.972,0.028
260,3263954944,"0xC28C0000",4194304,259.949,0.051,259.949,0.051
261,3268411392,"0xC2D00000",4456448,260.986,0.014,260.986,0.014
262,3272605696,"0xC3100000",4194304,261.963,0.037,261.963,0.037
263,3276800000,"0xC3500000",4194304,262.939,0.061,262.939,0.061
264,3281256448,"0xC3940000",4456448,263.977,0.023,263.977,0.023
265,3285450752,"0xC3D40000",4194304,264.954,0.046,264.954,0.046
266,3289907200,"0xC4180000",4456448,265.991,0.009,265.991,0.009
267,3294101504,"0xC4580000",4194304,266.968,0.032,266.968,0.032
268,3298295808,"0xC4980000",4194304,267.944,0.056,267.944,0.056
269,3302752256,"0xC4DC0000",4456448,268.982,0.018,268.982,0.018
270,3306946560,"0xC51C0000",4194304,269.958,0.042,269.958,0.042
271,3311403008,"0xC5600000",4456448,270.996,0.004,270.996,0.004
272,3315597312,"0xC5A00000",4194304,271.973,0.027,271.973,0.027
273,3319791616,"0xC5E00000",4194304,272.949,0.051,272.949,0.051
274,3324248064,"0xC6240000",4456448,273.987,0.013,273.987,0.013
275,3328442368,"0xC6640000",4194304,274.963,0.037,274.963,0.037
276,3332636672,"0xC6A40000",4194304,275.940,0.060,275.940,0.060
277,3337093120,"0xC6E80000",4456448,276.978,0.022,276.978,0.022
278,3341287424,"0xC7280000",4194304,277.954,0.046,277.954,0.046
279,3345743872,"0xC76C0000",4456448,278.992,0.008,278.992,0.008
280,3349938176,"0xC7AC0000",4194304,279.968,0.032,279.968,0.032
281,3354132480,"0xC7EC0000",4194304,280.945,0.055,280.945,0.055
282,3358588928,"0xC8300000",4456448,281.982,0.018,281.982,0.018
283,3362783232,"0xC8700000",4194304,282.959,0.041,282.959,0.041
284,3367239680,"0xC8B40000",4456448,283.997,0.003,283.997,0.003
285,3371433984,"0xC8F40000",4194304,284.973,0.027,284.973,0.027
286,3375628288,"0xC9340000",4194304,285.950,0.050,285.950,0.050
287,3380084736,"0xC9780000",4456448,286.987,0.013,286.987,0.013
288,3384279040,"0xC9B80000",4194304,287.964,0.036,287.964,0.036
289,3388473344,"0xC9F80000",4194304,288.940,0.060,288.940,0.060
290,3392929792,"0xCA3C0000",4456448,289.978,0.022,289.978,0.022
291,3397124096,"0xCA7C0000",4194304,290.955,0.045,290.955,0.045
292,3401580544,"0xCAC00000",4456448,291.992,0.008,291.992,0.008
293,3405774848,"0xCB000000",4194304,292.969,0.031,292.969,0.031
294,3409969152,"0xCB400000",4194304,293.945,0.055,293.945,0.055
295,3414425600,"0xCB840000",4456448,294.983,0.017,294.983,0.017
296,3418619904,"0xCBC40000",4194304,295.959,0.041,295.959,0.041
297,3423076352,"0xCC080000",4456448,296.997,0.003,296.997,0.003
298,3427270656,"0xCC480000",4194304,297.974,0.026,297.974,0.026
299,3431464960,"0xCC880000",4194304,298.950,0.050,298.950,0.050
300,3435921408,"0xCCCC0000",4456448,299.988,0.012,299.988,0.012
301,3440115712,"0xCD0C0000",4194304,300.964,0.036,300.964,0.036
302,3444310016,"0xCD4C0000",4194304,301.941,0.059,301.941,0.059
303,3448766464,"0xCD900000",4456448,302.979,0.021,302.979,0.021
304,3452960768,"0xCDD00000",4194304,303.955,0.045,303.955,0.045
305,3457417216,"0xCE140000",4456448,304.993,0.007,304.993,0.007
306,3461611520,"0xCE540000",4194304,305.969,0.031,305.969,0.031
307,3465805824,"0xCE940000",4194304,306.946,0.054,306.946,0.054
308,3470262272,"0xCED80000",4456448,307.983,0.017,307.983,0.017
309,3474456576,"0xCF180000",4194304,308.960,0.040,308.960,0.040
310,3478913024,"0xCF5C0000",4456448,309.998,0.002,309.998,0.002
311,3483107328,"0xCF9C0000",4194304,310.974,0.026,310.974,0.026
312,3487301632,"0xCFDC0000",4194304,311.951,0.049,311.951,0.049
313,3491758080,"0xD0200000",4456448,312.988,0.012,312.988,0.012
314,3495952384,"0xD0600000",4194304,313.965,0.035,313.965,0.035
315,3500146688,"0xD0A00000",4194304,314.941,0.059,314.941,0.059
316,3504603136,"0xD0E40000",4456448,315.979,0.021,315.979,0.021
317,3508797440,"0xD1240000",4194304,316.956,0.044,316.956,0.044
318,3513253888,"0xD1680000",4456448,317.993,0.007,317.993,0.007
319,3517448192,"0xD1A80000",4194304,318.970,0.030,318.970,0.030
320,3521642496,"0xD1E80000",4194304,319.946,0.054,319.946,0.054
321,3526098944,"0xD22C0000",4456448,320.984,0.016,320.984,0.016
322,3530293248,"0xD26C0000",4194304,321.960,0.040,321.960,0.040
323,3534749696,"0xD2B00000",4456448,322.998,0.002,322.998,0.002
324,3538944000,"0xD2F00000",4194304,323.975,0.025,323.975,0.025
325,3543138304,"0xD3300000",4194304,324.951,0.049,324.951,0.049
326,3547594752,"0xD3740000",4456448,325.989,0.011,325.989,0.011
327,3551789056,"0xD3B40000",4194304,326.965,0.035,326.965,0.035
328,3555983360,"0xD3F40000",4194304,327.942,0.058,327.942,0.058
329,3560439808,"0xD4380000",4456448,328.979,0.021,328.979,0.021
330,3564634112,"0xD4780000",4194304,329.956,0.044,329.956,0.044
331,3569090560,"0xD4BC0000",4456448,330.994,0.006,330.994,0.006
332,3573284864,"0xD4FC0000",4194304,331.970,0.030,331.970,0.030
333,3577479168,"0xD53C0000",4194304,332.947,0.053,332.947,0.053
334,3581935616,"0xD5800000",4456448,333.984,0.016,333.984,0.016
335,3586129920,"0xD5C00000",4194304,334.961,0.039,334.961,0.039
336,3590586368,"0xD6040000",4456448,335.999,0.001,335.999,0.001
337,3594780672,"0xD6440000",4194304,336.975,0.025,336.975,0.025
338,3598974976,"0xD6840000",4194304,337.952,0.048,337.952,0.048
339,3603431424,"0xD6C80000",4456448,338.989,0.011,338.989,0.011
340,3607625728,"0xD7080000",4194304,339.966,0.034,339.966,0.034
341,3611820032,"0xD7480000",4194304,340.942,0.058,340.942,0.058
342,3616276480,"0xD78C0000",4456448,341.980,0.020,341.980,0.020
343,3620470784,"0xD7CC0000",4194304,342.957,0.043,342.957,0.043
344,3624927232,"0xD8100000",4456448,343.994,0.006,343.994,0.006
345,3629121536,"0xD8500000",4194304,344.971,0.029,344.971,0.029
346,3633315840,"0xD8900000",4194304,345.947,0.053,345.947,0.053
347,3637772288,"0xD8D40000",4456448,346.985,0.015,346.985,0.015
348,3641966592,"0xD9140000",4194304,347.961,0.039,347.961,0.039
349,3646423040,"0xD9580000",4456448,348.999,0.001,348.999,0.001
350,3650617344,"0xD9980000",4194304,349.976,0.024,349.976,0.024
351,3654811648,"0xD9D80000",4194304,350.952,0.048,350.952,0.048
352,3659268096,"0xDA1C0000",4456448,351.990,0.010,351.990,0.010
353,3663462400,"0xDA5C0000",4194304,352.966,0.034,352.966,0.034
354,3667656704,"0xDA9C0000",4194304,353.943,0.057,353.943,0.057
355,3672113152,"0xDAE00000",4456448,354.980,0.020,354.980,0.020
356,3676307456,"0xDB200000",4194304,355.957,0.043,355.957,0.043
357,3680763904,"0xDB640000",4456448,356.995,0.005,356.995,0.005
358,3684958208,"0xDBA40000",4194304,357.971,0.029,357.971,0.029
359,3689152512,"0xDBE40000",4194304,358.948,0.052,358.948,0.052
360,3693608960,"0xDC280000",4456448,359.985,0.015,359.985,0.015
361,3697803264,"0xDC680000",4194304,360.962,0.038,360.962,0.038
362,3702259712,"0xDCAC0000",4456448,362.000,0.000,362.000,0.000
363,3706454016,"0xDCEC0000",4194304,362.976,0.024,362.976,0.024
364,3710648320,"0xDD2C0000",4194304,363.953,0.047,363.953,0.047
365,3715104768,"0xDD700000",4456448,364.990,0.010,364.990,0.010
366,3719299072,"0xDDB00000",4194304,365.967,0.033,365.967,0.033
367,3723493376,"0xDDF00000",4194304,366.943,0.057,366.943,0.057
368,3727949824,"0xDE340000",4456448,367.981,0.019,367.981,0.019
369,3732144128,"0xDE740000",4194304,368.958,0.042,368.958,0.042
370,3736600576,"0xDEB80000",4456448,369.995,0.005,369.995,0.005
371,3740794880,"0xDEF80000",4194304,370.972,0.028,370.972,0.028
372,3744989184,"0xDF380000",4194304,371.948,0.052,371.948,0.052
373,3749445632,"0xDF7C0000",4456448,372.986,0.014,372.986,0.014
374,3753639936,"0xDFBC0000",4194304,373.962,0.038,373.962,0.038
375,3758096384,"0xE0000000",4456448,375.000,-0.000,375.000,-0.000
376,3762290688,"0xE0400000",4194304,375.977,0.023,375.977,0.023
377,3766484992,"0xE0800000",4194304,376.953,0.047,376.953,0.047
378,3770941440,"0xE0C40000",4456448,377.991,0.009,377.991,0.009
379,3775135744,"0xE1040000",4194304,378.967,0.033,378.967,0.033
380,3779330048,"0xE1440000",4194304,379.944,0.056,379.944,0.056
381,3783786496,"0xE1880000",4456448,380.981,0.019,380.981,0.019
382,3787980800,"0xE1C80000",4194304,381.958,0.042,381.958,0.042
383,3792437248,"0xE20C0000",4456448,382.996,0.004,382.996,0.004
384,3796631552,"0xE24C0000",4194304,383.972,0.028,383.972,0.028
385,3800825856,"0xE28C0000",4194304,384.949,0.051,384.949,0.051
386,3805282304,"0xE2D00000",4456448,385.986,0.014,385.986,0.014
387,3809476608,"0xE3100000",4194304,386.963,0.037,386.963,0.037
388,3813670912,"0xE3500000",4194304,387.939,0.061,387.939,0.061
389,3818127360,"0xE3940000",4456448,388.977,0.023,388.977,0.023
390,3822321664,"0xE3D40000",4194304,389.954,0.046,389.954,0.046
391,3826778112,"0xE4180000",4456448,390.991,0.009,390.991,0.009
392,3830972416,"0xE4580000",4194304,391.968,0.032,391.968,0.032
393,3835166720,"0xE4980000",4194304,392.944,0.056,392.944,0.056
394,3839623168,"0xE4DC0000",4456448,393.982,0.018,393.982,0.018
395,3843817472,"0xE51C0000",4194304,394.958,0.042,394.958,0.042
396,3848273920,"0xE5600000",4456448,395.996,0.004,395.996,0.004
397,3852468224,"0xE5A00000",4194304,396.973,0.027,396.973,0.027
398,3856662528,"0xE5E00000",4194304,397.949,0.051,397.949,0.051
399,3861118976,"0xE6240000",4456448,398.987,0.013,398.987,0.013
400,3865313280,"0xE6640000",4194304,399.963,0.037,399.963,0.037
401,3869507584,"0xE6A40000",4194304,400.940,0.060,400.940,0.060
402,3873964032,"0xE6E80000",4456448,401.978,0.022,401.978,0.022
403,3878158336,"0xE7280000",4194304,402.954,0.046,402.954,0.046
404,3882614784,"0xE76C0000",4456448,403.992,0.008,403.992,0.008
405,3886809088,"0xE7AC0000",4194304,404.968,0.032,404.968,0.032
406,3891003392,"0xE7EC0000",4194304,405.945,0.055,405.945,0.055
407,3895459840,"0xE8300000",4456448,406.982,0.018,406.982,0.018
408,3899654144,"0xE8700000",4194304,407.959,0.041,407.959,0.041
409,3904110592,"0xE8B40000",4456448,408.997,0.003,408.997,0.003
410,3908304896,"0xE8F40000",4194304,409.973,0.027,409.973,0.027
411,3912499200,"0xE9340000",4194304,410.950,0.050,410.950,0.050
412,3916955648,"0xE9780000",4456448,411.987,0.013,411.987,0.013
413,3921149952,"0xE9B80000",4194304,412.964,0.036,412.964,0.036
414,3925344256,"0xE9F80000",4194304,413.940,0.060,413.940,0.060
415,3929800704,"0xEA3C0000",4456448,414.978,0.022,414.978,0.022
416,3933995008,"0xEA7C0000",4194304,415.955,0.045,415.955,0.045
417,3938451456,"0xEAC00000",4456448,416.992,0.008,416.992,0.008
418,3942645760,"0xEB000000",4194304,417.969,0.031,417.969,0.031
419,3946840064,"0xEB400000",4194304,418.945,0.055,418.945,0.055
420,3951296512,"0xEB840000",4456448,419.983,0.017,419.983,0.017
421,3955490816,"0xEBC40000",4194304,420.959,0.041,420.959,0.041
422,3959947264,"0xEC080000",4456448,421.997,0.003,421.997,0.003
423,3964141568,"0xEC480000",4194304,422.974,0.026,422.974,0.026
424,3968335872,"0xEC880000",4194304,423.950,0.050,423.950,0.050
425,3972792320,"0xECCC0000",4456448,424.988,0.012,424.988,0.012
426,3976986624,"0xED0C0000",4194304,425.964,0.036,425.964,0.036
427,3981180928,"0xED4C0000",4194304,426.941,0.059,426.941,0.059
428,3985637376,"0xED900000",4456448,427.979,0.021,427.979,0.021
429,3989831680,"0xEDD00000",4194304,428.955,0.045,428.955,0.045
430,3994288128,"0xEE140000",4456448,429.993,0.007,429.993,0.007
431,3998482432,"0xEE540000",4194304,430.969,0.031,430.969,0.031
432,4002676736,"0xEE940000",4194304,431.946,0.054,431.946,0.054
433,4007133184,"0xEED80000",4456448,432.983,0.017,432.983,0.017
434,4011327488,"0xEF180000",4194304,433.960,0.040,433.960,0.040
435,4015783936,"0xEF5C0000",4456448,434.998,0.002,434.998,0.002
436,4019978240,"0xEF9C0000",4194304,435.974,0.026,435.974,0.026
437,4024172544,"0xEFDC0000",4194304,436.951,0.049,436.951,0.049
438,4028628992,"0xF0200000",4456448,437.988,0.012,437.988,0.012
439,4032823296,"0xF0600000",4194304,438.965,0.035,438.965,0.035
440,4037017600,"0xF0A00000",4194304,439.941,0.059,439.941,0.059
441,4041474048,"0xF0E40000",4456448,440.979,0.021,440.979,0.021
442,4045668352,"0xF1240000",4194304,441.956,0.044,441.956,0.044
443,4050124800,"0xF1680000",4456448,442.993,0.007,442.993,0.007
444,4054319104,"0xF1A80000",4194304,443.970,0.030,443.970,0.030
445,4058513408,"0xF1E80000",4194304,444.946,0.054,444.946,0.054
446,4062969856,"0xF22C0000",4456448,445.984,0.016,445.984,0.016
447,4067164160,"0xF26C0000",4194304,446.960,0.040,446.960,0.040
448,4071620608,"0xF2B00000",4456448,447.998,0.002,447.998,0.002
449,4075814912,"0xF2F00000",4194304,448.975,0.025,448.975,0.025
450,4080009216,"0xF3300000",4194304,449.951,0.049,449.951,0.049
451,4084465664,"0xF3740000",4456448,450.989,0.011,450.989,0.011
452,4088659968,"0xF3B40000",4194304,451.965,0.035,451.965,0.035
453,4092854272,"0xF3F40000",4194304,452.942,0.058,452.942,0.058
454,4097310720,"0xF4380000",4456448,453.979,0.021,453.979,0.021
455,4101505024,"0xF4780000",4194304,454.956,0.044,454.956,0.044
456,4105961472,"0xF4BC0000",4456448,455.994,0.006,455.994,0.006
457,4110155776,"0xF4FC0000",4194304,456.970,0.030,456.970,0.030
458,4114350080,"0xF53C0000",4194304,457.947,0.053,457.947,0.053
459,4118806528,"0xF5800000",4456448,458.984,0.016,458.984,0.016
460,4123000832,"0xF5C00000",4194304,459.961,0.039,459.961,0.039
461,4127457280,"0xF6040000",4456448,460.999,0.001,460.999,0.001
462,4131651584,"0xF6440000",4194304,461.975,0.025,461.975,0.025
463,4135845888,"0xF6840000",4194304,462.952,0.048,462.952,0.048
464,4140302336,"0xF6C80000",4456448,463.989,0.011,463.989,0.011
465,4144496640,"0xF7080000",4194304,464.966,0.034,464.966,0.034
466,4148690944,"0xF7480000",4194304,465.942,0.058,465.942,0.058
467,4153147392,"0xF78C0000",4456448,466.980,0.020,466.980,0.020
468,4157341696,"0xF7CC0000",4194304,467.957,0.043,467.957,0.043
469,4161798144,"0xF8100000",4456448,468.994,0.006,468.994,0.006
470,4165992448,"0xF8500000",4194304,469.971,0.029,469.971,0.029
471,4170186752,"0xF8900000",4194304,470.947,0.053,470.947,0.053
472,4174643200,"0xF8D40000",4456448,471.985,0.015,471.985,0.015
473,4178837504,"0xF9140000",4194304,472.961,0.039,472.961,0.039
474,4183293952,"0xF9580000",4456448,473.999,0.001,473.999,0.001
475,4187488256,"0xF9980000",4194304,474.976,0.024,474.976,0.024
476,4191682560,"0xF9D80000",4194304,475.952,0.048,475.952,0.048
477,4196139008,"0xFA1C0000",4456448,476.990,0.010,476.990,0.010
478,4200333312,"0xFA5C0000",4194304,477.966,0.034,477.966,0.034
479,4204527616,"0xFA9C0000",4194304,478.943,0.057,478.943,0.057
480,4208984064,"0xFAE00000",4456448,479.980,0.020,479.980,0.020
481,4213178368,"0xFB200000",4194304,480.957,0.043,480.957,0.043
482,4217634816,"0xFB640000",4456448,481.995,0.005,481.995,0.005
483,4221829120,"0xFBA40000",4194304,482.971,0.029,482.971,0.029
484,4226023424,"0xFBE40000",4194304,483.948,0.052,483.948,0.052
485,4230479872,"0xFC280000",4456448,484.985,0.015,484.985,0.015
486,4234674176,"0xFC680000",4194304,485.962,0.038,485.962,0.038
487,4239130624,"0xFCAC0000",4456448,487.000,0.000,487.000,0.000
488,4243324928,"0xFCEC0000",4194304,487.976,0.024,487.976,0.024
489,4247519232,"0xFD2C0000",4194304,488.953,0.047,488.953,0.047
490,4251975680,"0xFD700000",4456448,489.990,0.010,489.990,0.010
491,4256169984,"0xFDB00000",4194304,490.967,0.033,490.967,0.033
492,4260364288,"0xFDF00000",4194304,491.943,0.057,491.943,0.057
493,4264820736,"0xFE340000",4456448,492.981,0.019,492.981,0.019
494,4269015040,"0xFE740000",4194304,493.958,0.042,493.958,0.042
495,4273471488,"0xFEB80000",4456448,494.995,0.005,494.995,0.005
496,4277665792,"0xFEF80000",4194304,495.972,0.028,495.972,0.028
497,4281860096,"0xFF380000",4194304,496.948,0.052,496.948,0.052
498,4286316544,"0xFF7C0000",4456448,497.986,0.014,497.986,0.014
499,4290510848,"0xFFBC0000",4194304,498.962,0.038,498.962,0.038
500,4294967295,"0xFFFFFFFF",4456447,500.000,0.000,500.000,0.000
"Max Deviation",,,4456448,,0.061,,0.061
"Average Deviation",,,4290676.618,,0.030,,0.030
